"","mu","Ne","Log.likelihood"
"1",1e-06,10,-4257.02517624182
"2",1.5e-06,10,-4116.43881954999
"3",2e-06,10,-4028.7377581154
"4",2.5e-06,10,-3970.01264157321
"5",3e-06,10,-3929.61936351027
"6",3.5e-06,10,-3901.87552151122
"7",4e-06,10,-3883.39045179814
"8",4.5e-06,10,-3871.97710672129
"9",5e-06,10,-3866.14218550712
"10",5.5e-06,10,-3864.82057750042
"11",6e-06,10,-3867.22584439228
"12",6.5e-06,10,-3872.76075626798
"13",7e-06,10,-3880.96107687866
"14",7.5e-06,10,-3891.45879020102
"15",8e-06,10,-3903.95721936832
"16",8.5e-06,10,-3918.21370189485
"17",9e-06,10,-3934.02722439259
"18",1e-06,11,-4229.1573833394
"19",1.5e-06,11,-4090.73305241789
"20",2e-06,11,-4005.19294600804
"21",2.5e-06,11,-3948.63229400942
"22",3e-06,11,-3910.40151162601
"23",3.5e-06,11,-3884.82024710742
"24",4e-06,11,-3868.4978366801
"25",4.5e-06,11,-3859.24723269927
"26",5e-06,11,-3855.57513439603
"27",5.5e-06,11,-3856.4164311203
"28",6e-06,11,-3860.98468456807
"29",6.5e-06,11,-3868.682664829
"30",7e-06,11,-3879.04613565939
"31",7.5e-06,11,-3891.70708104087
"32",8e-06,11,-3906.36882411142
"33",8.5e-06,11,-3922.7887023899
"34",9e-06,11,-3940.76570249353
"35",1e-06,12,-4204.64634164574
"36",1.5e-06,12,-4068.19932759419
"37",2e-06,12,-3984.63651287141
"38",2.5e-06,12,-3930.0533107443
"39",3e-06,12,-3893.8000578394
"40",3.5e-06,12,-3870.19640241071
"41",4e-06,12,-3855.85168068978
"42",4.5e-06,12,-3848.57884503705
"43",5e-06,12,-3846.88459468873
"44",5.5e-06,12,-3849.70381899931
"45",6e-06,12,-3856.25007966995
"46",6.5e-06,12,-3865.9261467957
"47",7e-06,12,-3878.26778413743
"48",7.5e-06,12,-3892.9069756817
"49",8e-06,12,-3909.54704457207
"50",8.5e-06,12,-3927.94532833214
"51",9e-06,12,-3947.90081358408
"52",1e-06,13,-4182.93470205497
"53",1.5e-06,13,-4048.30023607031
"54",2e-06,13,-3966.5499418355
"55",2.5e-06,13,-3913.77941598627
"56",3e-06,13,-3879.33891657068
"57",3.5e-06,13,-3857.54809184801
"58",4e-06,13,-3845.01627805491
"59",4.5e-06,13,-3839.55642755684
"60",5e-06,13,-3839.67523959542
"61",5.5e-06,13,-3844.30760353021
"62",6e-06,13,-3852.6670810675
"63",6.5e-06,13,-3864.15644230727
"64",7e-06,13,-3878.31145101589
"65",7.5e-06,13,-3894.76409118506
"66",8e-06,13,-3913.21768596325
"67",8.5e-06,13,-3933.42957287948
"68",9e-06,13,-3955.19873856065
"69",1e-06,14,-4163.59256118637
"70",1.5e-06,14,-4030.62304071665
"71",2e-06,14,-3950.53766189157
"72",2.5e-06,14,-3899.43220471667
"73",3e-06,14,-3866.65684866135
"74",3.5e-06,14,-3846.53124198998
"75",4e-06,14,-3835.66472094472
"76",4.5e-06,14,-3831.87023789621
"77",5e-06,14,-3833.65449209128
"78",5.5e-06,14,-3839.95237289467
"79",6e-06,14,-3849.97744201811
"80",6.5e-06,14,-3863.13246956677
"81",7e-06,14,-3878.95321931212
"82",7.5e-06,14,-3897.07167525147
"83",8e-06,14,-3917.19116053815
"84",8.5e-06,14,-3939.06901270664
"85",9e-06,14,-3962.5042183892
"86",1e-06,15,-4146.28134934468
"87",1.5e-06,15,-4014.84271619328
"88",2e-06,15,-3936.29054939996
"89",2.5e-06,15,-3886.71727621155
"90",3e-06,15,-3855.47417622818
"91",3.5e-06,15,-3836.88089771988
"92",4e-06,15,-3827.54677693395
"93",4.5e-06,15,-3825.28476624645
"94",5e-06,15,-3828.60156490922
"95",5.5e-06,15,-3836.43206229271
"96",6e-06,15,-3847.98982011394
"97",6.5e-06,15,-3862.67760848321
"98",7e-06,15,-3880.03119117746
"99",7.5e-06,15,-3899.68255219913
"100",8e-06,15,-3921.33501470705
"101",8.5e-06,15,-3944.74591624099
"102",9e-06,15,-3969.71424343845
"103",1e-06,16,-4130.7298407955
"104",1.5e-06,16,-4000.70304113009
"105",2e-06,16,-3923.56282965128
"106",2.5e-06,16,-3875.40158122426
"107",3e-06,16,-3845.57057545434
"108",3.5e-06,16,-3828.38946061683
"109",4e-06,16,-3820.46757296446
"110",4.5e-06,16,-3819.61786487838
"111",5e-06,16,-3824.3470356165
"112",5.5e-06,16,-3833.5899745539
"113",6e-06,16,-3846.56024341339
"114",6.5e-06,16,-3862.6606123104
"115",7e-06,16,-3881.42684502745
"116",7.5e-06,16,-3902.49092557231
"117",8e-06,16,-3925.5561771089
"118",8.5e-06,16,-3950.3799371827
"119",9e-06,16,-3976.7611924367
"120",1e-06,17,-4116.71716645849
"121",1.5e-06,17,-3987.99347740414
"122",2e-06,17,-3912.15613948164
"123",2.5e-06,17,-3865.29783142164
"124",3e-06,17,-3836.76983283453
"125",3.5e-06,17,-3820.89179200118
"126",4e-06,17,-3814.27304517968
"127",4.5e-06,17,-3814.72654475641
"128",5e-06,17,-3820.75898999476
"129",5.5e-06,17,-3831.30527027532
"130",6e-06,17,-3845.57894732596
"131",6.5e-06,17,-3862.98279126801
"132",7e-06,17,-3883.05256588861
"133",7.5e-06,17,-3905.42025520157
"134",8e-06,17,-3929.78918237604
"135",8.5e-06,17,-3955.91668496284
"136",9e-06,17,-3983.60174961008
"137",1e-06,18,-4104.06240003394
"138",1.5e-06,18,-3976.54210499552
"139",2e-06,18,-3901.9082567097
"140",2.5e-06,18,-3856.25350248086
"141",3e-06,18,-3828.92912192501
"142",3.5e-06,18,-3814.25476332842
"143",4e-06,18,-3808.83976295425
"144",4.5e-06,18,-3810.49707319483
"145",5e-06,18,-3817.73339331802
"146",5.5e-06,18,-3829.48361271073
"147",6e-06,18,-3844.96129310564
"148",6.5e-06,18,-3863.5692046295
"149",7e-06,18,-3884.84311107527
"150",7.5e-06,18,-3908.41499646127
"151",8e-06,18,-3933.9881839629
"152",8.5e-06,18,-3961.32001113571
"153",9e-06,18,-3990.20946463359
"154",1e-06,19,-4092.61390302939
"155",1.5e-06,19,-3966.20616011681
"156",2e-06,19,-3892.68495699868
"157",2.5e-06,19,-3848.14290955321
"158",3e-06,19,-3821.93129740195
"159",3.5e-06,19,-3808.36976883628
"160",4e-06,19,-3804.06766012502
"161",4.5e-06,19,-3806.83792366564
"162",5e-06,19,-3815.18725873154
"163",5.5e-06,19,-3828.05055471453
"164",6e-06,19,-3844.64137335304
"165",6.5e-06,19,-3864.36248477907
"166",7e-06,19,-3886.74965279092
"167",7.5e-06,19,-3911.4348614123
"168",8e-06,19,-3938.12143382381
"169",8.5e-06,19,-3966.56670758647
"170",9e-06,19,-3996.5696693595
"171",1e-06,20,-4082.24433812013
"172",1.5e-06,20,-3956.86586300143
"173",2e-06,20,-3884.37401818936
"174",2.5e-06,20,-3840.86138813614
"175",3e-06,20,-3815.67925246848
"176",3.5e-06,20,-3803.14725948342
"177",4e-06,20,-3799.87474545453
"178",4.5e-06,20,-3803.67466278483
"179",5e-06,20,-3813.05371075319
"180",5.5e-06,20,-3826.94677875644
"181",6e-06,20,-3844.56742853853
"182",6.5e-06,20,-3865.31843023652
"183",7e-06,20,-3888.73554765437
"184",7.5e-06,20,-3914.45076482096
"185",8e-06,20,-3942.16740492202
"186",8.5e-06,20,-3971.64280552409
"187",9e-06,20,-4002.6759532916
"188",1e-06,21,-4072.84555678118
"189",1.5e-06,21,-3948.4197847999
"190",2e-06,21,-3876.88073116587
"191",2.5e-06,21,-3834.32094890517
"192",3e-06,21,-3810.09171764967
"193",3.5e-06,21,-3798.51268570143
"194",4e-06,21,-3796.19318933963
"195",4.5e-06,21,-3800.94618097244
"196",5e-06,21,-3811.2783598837
"197",5.5e-06,21,-3826.12461547603
"198",6e-06,21,-3844.69850949804
"199",6.5e-06,21,-3866.40281209245
"200",7e-06,21,-3890.77328706832
"201",7.5e-06,21,-3917.44191845958
"202",8e-06,21,-3946.1120294575
"203",8.5e-06,21,-3976.54095763379
"204",9e-06,21,-4008.52768965837
"205",1e-06,22,-4064.32425902512
"206",1.5e-06,22,-3940.78131722058
"207",2e-06,22,-3870.12448792627
"208",2.5e-06,22,-3828.44698421166
"209",3e-06,22,-3805.10008571431
"210",3.5e-06,22,-3794.40344074089
"211",4e-06,22,-3792.96638557638
"212",4.5e-06,22,-3798.60187263343
"213",5e-06,22,-3809.81660120184
"214",5.5e-06,22,-3825.54546068855
"215",6e-06,22,-3845.00201284816
"216",6.5e-06,22,-3867.58902782807
"217",7e-06,22,-3892.84226944253
"218",7.5e-06,22,-3920.39372173107
"219",8e-06,22,-3949.94670788973
"220",8.5e-06,22,-3981.2585654957
"221",9e-06,22,-4014.12828122345
"222",1e-06,23,-4056.60190301422
"223",1.5e-06,23,-3933.87594587864
"224",2e-06,23,-3864.03615311512
"225",2.5e-06,23,-3823.17573779851
"226",3e-06,23,-3800.64597957071
"227",3.5e-06,23,-3790.76652674419
"228",4e-06,23,-3790.14671560843
"229",4.5e-06,23,-3796.59949858178
"230",5e-06,23,-3808.63157495872
"231",5.5e-06,23,-3825.17783415163
"232",6e-06,23,-3845.45183791975
"233",6.5e-06,23,-3868.85635641605
"234",7e-06,23,-3894.92715345975
"235",7.5e-06,23,-3923.29621309515
"236",8e-06,23,-3953.66685852389
"237",8.5e-06,23,-3985.79642732771
"238",9e-06,23,-4019.48390618696
"239",1e-06,24,-4049.60843674475
"240",1.5e-06,24,-3927.63911848547
"241",2e-06,24,-3858.55601419072
"242",2.5e-06,24,-3818.45233694056
"243",3e-06,24,-3796.67936638196
"244",3.5e-06,24,-3787.55675083226
"245",4e-06,24,-3787.69382658599
"246",4.5e-06,24,-3794.90354606653
"247",5e-06,24,-3807.69260857337
"248",5.5e-06,24,-3824.9959035238
"249",6e-06,24,-3846.02699268226
"250",6.5e-06,24,-3870.18864620675
"251",7e-06,24,-3897.01662792113
"252",7.5e-06,24,-3926.14292187527
"253",8e-06,24,-3957.2708512755
"254",8.5e-06,24,-3990.15775370859
"255",9e-06,24,-4024.60261585979
"256",1e-06,25,-4043.28321537267
"257",1.5e-06,25,-3922.0145594754
"258",2e-06,25,-3853.63216493794
"259",2.5e-06,25,-3814.22924484503
"260",3e-06,25,-3793.15707884884
"261",3.5e-06,25,-3784.73531527167
"262",4e-06,25,-3785.573290413
"263",4.5e-06,25,-3793.48395670104
"264",5e-06,25,-3806.97401343996
"265",5.5e-06,25,-3824.97835005249
"266",6e-06,25,-3846.71052830759
"267",6.5e-06,25,-3871.57331836807
"268",7e-06,25,-3899.10248406306
"269",7.5e-06,25,-3928.9300094474
"270",8e-06,25,-3960.75921773198
"271",8.5e-06,25,-3994.34744650874
"272",9e-06,25,-4029.49368246792
"273",1e-06,26,-4037.57293690648
"274",1.5e-06,26,-3916.95292396955
"275",2e-06,26,-3849.21921766261
"276",2.5e-06,26,-3810.46503107513
"277",3e-06,26,-3790.04164386428
"278",3.5e-06,26,-3782.26870435698
"279",4e-06,26,-3783.75554885767
"280",4.5e-06,26,-3792.31512979914
"281",5e-06,26,-3806.4541464907
"282",5.5e-06,26,-3825.10748835958
"283",6e-06,26,-3847.48871718
"284",6.5e-06,26,-3873.0006031193
"285",7e-06,26,-3901.17891001148
"286",7.5e-06,26,-3931.65562191587
"287",8e-06,26,-3964.13406204877
"288",8.5e-06,26,-3998.37156800674
"289",9e-06,26,-4034.16712648474
"290",1e-06,27,-4032.43050762279
"291",1.5e-06,27,-3912.41071268712
"292",2e-06,27,-3845.27726759804
"293",2.5e-06,27,-3807.12338545037
"294",3e-06,27,-3787.30034590559
"295",3.5e-06,27,-3780.12779729519
"296",4e-06,27,-3782.21507592858
"297",4.5e-06,27,-3791.37513424335
"298",5e-06,27,-3806.11467155342
"299",5.5e-06,27,-3825.36857729078
"300",6e-06,27,-3848.35041323389
"301",6.5e-06,27,-3874.46294955559
"302",7e-06,27,-3903.24195009404
"303",7.5e-06,27,-3934.31939891377
"304",8e-06,27,-3967.39861923528
"305",8.5e-06,27,-4002.23694866004
"306",9e-06,27,-4038.63337388785
"307",1e-06,28,-4027.81411751252
"308",1.5e-06,28,-3908.34938967583
"309",2e-06,28,-3841.77105292064
"310",2.5e-06,28,-3804.17232034597
"311",3e-06,28,-3784.90447161814
"312",3.5e-06,28,-3778.28715507326
"313",4e-06,28,-3780.92970702536
"314",4.5e-06,28,-3790.64507991646
"315",5e-06,28,-3805.9399730651
"316",5.5e-06,28,-3825.74927590802
"317",6e-06,28,-3849.28655022843
"318",6.5e-06,28,-3875.95456620345
"319",7e-06,28,-3905.28908767623
"320",7.5e-06,28,-3936.9220987154
"321",8e-06,28,-3970.55692254638
"322",8.5e-06,28,-4005.95089677549
"323",9e-06,28,-4042.90300810665
"324",1e-06,29,-4023.68648091474
"325",1.5e-06,29,-3904.73465924626
"326",2e-06,29,-3838.66926798157
"327",2.5e-06,29,-3801.58352022432
"328",3e-06,29,-3782.82869564522
"329",3.5e-06,29,-3776.72444258501
"330",4e-06,29,-3779.88009736189
"331",4.5e-06,29,-3790.10861242281
"332",5e-06,29,-3805.91668709049
"333",5.5e-06,29,-3826.2392108063
"334",6e-06,29,-3850.28974535789
"335",6.5e-06,29,-3877.4710609269
"336",7e-06,29,-3907.3189213609
"337",7.5e-06,29,-3939.46531073326
"338",8e-06,29,-3973.61355227382
"339",8.5e-06,29,-4009.52098359311
"340",9e-06,29,-4046.98659139997
"341",1e-06,30,-4020.01420825518
"342",1.5e-06,30,-3901.53586901173
"343",2e-06,30,-3835.94399765061
"344",2.5e-06,30,-3799.33180727941
"345",3e-06,30,-3781.05057757367
"346",3.5e-06,30,-3775.4199568782
"347",4e-06,30,-3779.04928151571
"348",4.5e-06,30,-3789.75150393735
"349",5e-06,30,-3806.03332347049
"350",5.5e-06,30,-3826.82962956078
"351",6e-06,30,-3851.35398400031
"352",6.5e-06,30,-3879.00915697484
"353",7e-06,30,-3909.33091233669
"354",7.5e-06,30,-3941.95123416336
"355",8e-06,30,-3976.57344568924
"356",8.5e-06,30,-4012.95488452923
"357",9e-06,30,-4050.89453739649
"358",1e-06,31,-4016.76728272131
"359",1.5e-06,31,-3898.7255136726
"360",2e-06,31,-3833.57024820713
"361",2.5e-06,31,-3797.39469943674
"362",3e-06,31,-3779.55014704119
"363",3.5e-06,31,-3774.3562393697
"364",4e-06,31,-3778.42231274938
"365",4.5e-06,31,-3789.56131963538
"366",5e-06,31,-3806.27995935946
"367",5.5e-06,31,-3827.51312137148
"368",6e-06,31,-3852.47436746773
"369",6.5e-06,31,-3880.56646783844
"370",7e-06,31,-3911.32518633996
"371",7.5e-06,31,-3944.38250705443
"372",8e-06,31,-3979.44175322003
"373",8.5e-06,31,-4016.26026245631
"374",9e-06,31,-4054.63702148056
"375",1e-06,32,-4013.91862158743
"376",1.5e-06,32,-3896.27881991246
"377",2e-06,32,-3831.52555580915
"378",2.5e-06,32,-3795.75204239343
"379",3e-06,32,-3778.3095593492
"380",3.5e-06,32,-3773.51775502963
"381",4e-06,32,-3777.98596576622
"382",4.5e-06,32,-3789.52714401835
"383",5e-06,32,-3806.64798912168
"384",5.5e-06,32,-3828.28339053024
"385",6e-06,32,-3853.64691004475
"386",6.5e-06,32,-3882.14131785919
"387",7e-06,32,-3913.30237783458
"388",7.5e-06,32,-3946.76207405658
"389",8e-06,32,-3982.22372976822
"390",8.5e-06,32,-4019.4446825926
"391",9e-06,32,-4058.2239192513
"392",1e-06,33,-4011.44370632651
"393",1.5e-06,33,-3894.17339708663
"394",2e-06,33,-3829.78965775684
"395",2.5e-06,33,-3794.38570145719
"396",3e-06,33,-3777.31280787551
"397",3.5e-06,33,-3772.89062536933
"398",4e-06,33,-3777.72849027378
"399",4.5e-06,33,-3789.63935505249
"400",5e-06,33,-3807.12991904527
"401",5.5e-06,33,-3829.13507170986
"402",6e-06,33,-3854.86837485128
"403",6.5e-06,33,-3883.73259866763
"404",7e-06,33,-3915.26350702357
"405",7.5e-06,33,-3949.09308400909
"406",8e-06,33,-3984.92465287109
"407",8.5e-06,33,-4022.5155512368
"408",9e-06,33,-4061.66476583209
"409",1e-06,34,-4009.32026900197
"410",1.5e-06,34,-3892.38894163847
"411",2e-06,34,-3828.34421493459
"412",2.5e-06,34,-3793.27930201418
"413",3e-06,34,-3776.54548256926
"414",3.5e-06,34,-3772.46240496102
"415",4e-06,34,-3777.63940552859
"416",4.5e-06,34,-3789.88943673965
"417",5e-06,34,-3807.71919793762
"418",5.5e-06,34,-3830.06357858457
"419",6e-06,34,-3856.13614048914
"420",6.5e-06,34,-3885.33965385326
"421",7e-06,34,-3917.20988254577
"422",7.5e-06,34,-3951.37881066069
"423",8e-06,34,-3987.54976144836
"424",8.5e-06,34,-4025.4800725405
"425",9e-06,34,-4064.96873066633
"426",1e-06,35,-4007.52802499868
"427",1.5e-06,35,-3890.90698567772
"428",2e-06,35,-3827.17257623587
"429",2.5e-06,35,-3792.41800980079
"430",3e-06,35,-3775.99456606799
"431",3.5e-06,35,-3772.2218934026
"432",4e-06,35,-3777.70932814756
"433",4.5e-06,35,-3790.26982277439
"434",5e-06,35,-3808.41007663027
"435",5.5e-06,35,-3831.06497918086
"436",6e-06,35,-3857.44809223891
"437",6.5e-06,35,-3886.96218601017
"438",7e-06,35,-3919.14302436701
"439",7.5e-06,35,-3953.62259140722
"440",8e-06,35,-3990.10421038527
"441",8.5e-06,35,-4028.34521893661
"442",9e-06,35,-4068.14460379415
"443",1e-06,36,-4006.04844414039
"444",1.5e-06,36,-3889.71068207586
"445",2e-06,36,-3826.25957763621
"446",2.5e-06,36,-3791.78834395274
"447",3e-06,36,-3775.64826072512
"448",3.5e-06,36,-3772.15897632183
"449",4e-06,36,-3777.92982708931
"450",4.5e-06,36,-3790.77376550284
"451",5e-06,36,-3809.19749091346
"452",5.5e-06,36,-3832.1358927906
"453",6e-06,36,-3858.80253295042
"454",6.5e-06,36,-3888.60018160241
"455",7e-06,36,-3921.06460262272
"456",7.5e-06,36,-3955.82778011285
"457",8e-06,36,-3992.59303733086
"458",8.5e-06,36,-4031.11771191581
"459",9e-06,36,-4071.20079060454
"460",1e-06,37,-4004.86455378512
"461",1.5e-06,37,-3888.78461992692
"462",2e-06,37,-3825.59137002057
"463",2.5e-06,37,-3791.37801720133
"464",3e-06,37,-3775.49584117193
"465",3.5e-06,37,-3772.26449030473
"466",4e-06,37,-3778.29330095
"467",4.5e-06,37,-3791.3952255861
"468",5e-06,37,-3810.07696356794
"469",5.5e-06,37,-3833.27340436828
"470",6e-06,37,-3860.19810980701
"471",6.5e-06,37,-3890.25385009719
"472",7e-06,37,-3922.97638911845
"473",7.5e-06,37,-3957.99771097599
"474",8e-06,37,-3995.02113893127
"475",8.5e-06,37,-4033.80401062698
"476",9e-06,37,-4074.14531280335
"477",1e-06,38,-4003.96076869835
"478",1.5e-06,38,-3888.11466539637
"479",2e-06,38,-3825.15527100762
"480",2.5e-06,38,-3791.17579867066
"481",3e-06,38,-3775.52752809143
"482",3.5e-06,38,-3772.53010764624
"483",4e-06,38,-3778.79287368798
"484",4.5e-06,38,-3792.12877869918
"485",5e-06,38,-3811.04452203795
"486",5.5e-06,38,-3834.47499318073
"487",6e-06,38,-3861.63375395038
"488",6.5e-06,38,-3891.92357456389
"489",7e-06,38,-3924.88021890398
"490",7.5e-06,38,-3960.13567107952
"491",8e-06,38,-3997.39325435537
"492",8.5e-06,38,-4036.41030637769
"493",9e-06,38,-4076.98581389022
"494",1e-06,39,-4003.32274346525
"495",1.5e-06,39,-3887.68782390155
"496",2e-06,39,-3824.93963689708
"497",2.5e-06,39,-3791.17139559365
"498",3e-06,39,-3775.73437970068
"499",3.5e-06,39,-3772.94823759745
"500",4e-06,39,-3779.42230564074
"501",4.5e-06,39,-3792.96953631625
"502",5e-06,39,-3812.0966289851
"503",5.5e-06,39,-3835.73847312717
"504",6e-06,39,-3863.10863056897
"505",6.5e-06,39,-3893.60987153043
"506",7e-06,39,-3926.77795989804
"507",7.5e-06,39,-3962.24487978342
"508",8e-06,39,-3999.71395445539
"509",8.5e-06,39,-4038.942521563
"510",9e-06,39,-4079.72956785348
"511",1e-06,40,-4002.93724396337
"512",1.5e-06,40,-3887.49212029921
"513",2e-06,40,-3824.93375157409
"514",2.5e-06,40,-3791.35535093281
"515",3e-06,40,-3776.10819808807
"516",3.5e-06,40,-3773.51194142246
"517",4e-06,40,-3780.17591729602
"518",4.5e-06,40,-3793.9130781973
"519",5e-06,40,-3813.23012349114
"520",5.5e-06,40,-3837.0619426603
"521",6e-06,40,-3864.62209753472
"522",6.5e-06,40,-3895.31335833732
"523",7e-06,40,-3928.67148895782
"524",7.5e-06,40,-3964.32847351165
"525",8e-06,40,-4001.98763526986
"526",8.5e-06,40,-4041.4063118855
"527",9e-06,40,-4082.38349010884
"528",1e-06,41,-4002.79203502434
"529",1.5e-06,41,-3887.51649434667
"530",2e-06,41,-3825.12772976828
"531",2.5e-06,41,-3791.71895443733
"532",3e-06,41,-3776.64144806981
"533",3.5e-06,41,-3774.21485905079
"534",4e-06,41,-3781.04852374397
"535",4.5e-06,41,-3794.9553946406
"536",5e-06,41,-3814.44217110906
"537",5.5e-06,41,-3838.44374263492
"538",6e-06,41,-3866.1736710512
"539",6.5e-06,41,-3897.03472658423
"540",7e-06,41,-3930.56267312654
"541",7.5e-06,41,-3966.38949479662
"542",8e-06,41,-4004.21851486919
"543",8.5e-06,41,-4043.80707099964
"544",9e-06,41,-4084.95414994191
"545",1e-06,42,-4002.8757819065
"546",1.5e-06,42,-3887.75070916799
"547",2e-06,42,-3825.51243251512
"548",2.5e-06,42,-3792.25416509918
"549",3e-06,42,-3777.32718663883
"550",3.5e-06,42,-3775.05114552265
"551",4e-06,42,-3782.03537811673
"552",4.5e-06,42,-3796.09283691607
"553",5e-06,42,-3815.73022129115
"554",5.5e-06,42,-3839.8824207312
"555",6e-06,42,-3867.76299707213
"556",6.5e-06,42,-3898.77472054294
"557",7e-06,42,-3932.45335503947
"558",7.5e-06,42,-3968.43088468321
"559",8e-06,42,-4006.41063275155
"560",8.5e-06,42,-4046.14993690335
"561",9e-06,42,-4087.44778389519
"562",1e-06,43,-4003.17796359535
"563",1.5e-06,43,-3888.18527084292
"564",2e-06,43,-3826.07939303198
"565",2.5e-06,43,-3792.95354331677
"566",3e-06,43,-3778.15900141872
"567",3.5e-06,43,-3776.01541572943
"568",4e-06,43,-3783.13212261788
"569",4.5e-06,43,-3797.32207458185
"570",5e-06,43,-3817.09197099479
"571",5.5e-06,43,-3841.37670134874
"572",6e-06,43,-3869.38982748254
"573",6.5e-06,43,-3900.53411962817
"574",7e-06,43,-3934.34534168434
"575",7.5e-06,43,-3970.4554777752
"576",8e-06,43,-4008.56785118118
"577",8.5e-06,43,-4048.43979956426
"578",9e-06,43,-4089.87030968341
"579",1e-06,44,-4003.6887962736
"580",1.5e-06,44,-3888.81135754209
"581",2e-06,44,-3826.82075151931
"582",2.5e-06,44,-3793.81019136204
"583",3e-06,44,-3779.13095679496
"584",3.5e-06,44,-3777.10269621202
"585",4e-06,44,-3784.33474598521
"586",4.5e-06,44,-3798.64005861496
"587",5e-06,44,-3818.52533347771
"588",5.5e-06,44,-3842.92546006816
"589",6e-06,44,-3871.05400022773
"590",6.5e-06,44,-3902.31372419145
"591",7e-06,44,-3936.24039586074
"592",7.5e-06,44,-3972.46599936249
"593",8e-06,44,-4010.69385798006
"594",8.5e-06,44,-4050.68130937787
"595",9e-06,44,-4092.22734031805
"596",1e-06,45,-4004.39916556647
"597",1.5e-06,45,-3889.62075688792
"598",2e-06,45,-3827.72919763696
"599",2.5e-06,45,-3794.81770097297
"600",3e-06,45,-3780.23754662324
"601",3.5e-06,45,-3778.30838298453
"602",4e-06,45,-3785.63954643143
"603",4.5e-06,45,-3800.04398946702
"604",5e-06,45,-3820.02841147035
"605",5.5e-06,45,-3844.52770193885
"606",6e-06,45,-3872.75542271677
"607",6.5e-06,45,-3904.11434404151
"608",7e-06,45,-3938.14022981736
"609",7.5e-06,45,-3974.4650641739
"610",8e-06,45,-4012.79217039712
"611",8.5e-06,45,-4052.87888615414
"612",9e-06,45,-4094.52419820978
"613",1e-06,46,-4005.30056638408
"614",1.5e-06,46,-3890.60581042611
"615",2e-06,46,-3828.79791960485
"616",2.5e-06,46,-3795.97010708188
"617",3e-06,46,-3781.47365258748
"618",3.5e-06,46,-3779.62820452095
"619",4e-06,46,-3787.04309925907
"620",4.5e-06,46,-3801.53128930778
"621",5e-06,46,-3821.59947404861
"622",5.5e-06,46,-3846.18254298172
"623",6e-06,46,-3874.49405795383
"624",6.5e-06,46,-3905.93678920483
"625",7e-06,46,-3940.04650064164
"626",7.5e-06,46,-3976.45517639646
"627",8e-06,46,-4014.86613975789
"628",8.5e-06,46,-4055.03672839546
"629",9e-06,46,-4096.76592907665
"630",1e-06,47,-4006.38504936574
"631",1.5e-06,47,-3891.75936426554
"632",2e-06,47,-3830.02055903808
"633",2.5e-06,47,-3797.26184684827
"634",3e-06,47,-3782.83450742808
"635",3.5e-06,47,-3781.05818917968
"636",4e-06,47,-3788.54222848238
"637",4.5e-06,47,-3803.0995778442
"638",5e-06,47,-3823.23693664963
"639",5.5e-06,47,-3847.8891944008
"640",6e-06,47,-3876.26991294715
"641",6.5e-06,47,-3907.78186253119
"642",7e-06,47,-3941.96080706201
"643",7.5e-06,47,-3978.43873067432
"644",8e-06,47,-4016.9189566595
"645",8.5e-06,47,-4057.15882268917
"646",9e-06,47,-4098.95731553341
"647",1e-06,48,-4007.64517307586
"648",1.5e-06,48,-3893.07472508531
"649",2e-06,48,-3831.39117076725
"650",2.5e-06,48,-3798.68772328873
"651",3e-06,48,-3784.31566238394
"652",3.5e-06,48,-3782.5946364579
"653",4e-06,48,-3790.13398189184
"654",4.5e-06,48,-3804.74665119636
"655",5e-06,48,-3824.93934375824
"656",5.5e-06,48,-3849.6469490822
"657",6e-06,48,-3878.08302901979
"658",6.5e-06,48,-3909.65035381586
"659",7e-06,48,-3943.88468738205
"660",7.5e-06,48,-3980.41801385542
"661",8e-06,48,-4018.95365652945
"662",8.5e-06,48,-4059.24895307846
"663",9e-06,48,-4101.10289027489
"664",1e-06,49,-4009.0739612295
"665",1.5e-06,49,-3894.5456208287
"666",2e-06,49,-3832.90418699761
"667",2.5e-06,49,-3800.24287290541
"668",3e-06,49,-3785.91295828905
"669",3.5e-06,49,-3784.23409155484
"670",4e-06,49,-3791.81560908705
"671",4.5e-06,49,-3806.47046339844
"672",5e-06,49,-3826.70535387773
"673",5.5e-06,49,-3851.45517003211
"674",6e-06,49,-3879.93347371538
"675",6.5e-06,49,-3911.54303517477
"676",7e-06,49,-3945.81961832405
"677",7.5e-06,49,-3982.39520730264
"678",8e-06,49,-4020.9731254062
"679",8.5e-06,49,-4061.3107103114
"680",9e-06,49,-4103.20694879286
"681",1e-06,50,-4010.66486432435
"682",1.5e-06,50,-3896.16616549591
"683",2e-06,50,-3834.55438526524
"684",2.5e-06,50,-3801.92273680307
"685",3e-06,50,-3787.62249984883
"686",3.5e-06,50,-3785.97332281092
"687",4e-06,50,-3793.58454207593
"688",4.5e-06,50,-3808.2691101587
"689",5e-06,50,-3828.53372645006
"690",5.5e-06,50,-3853.31328045957
"691",6e-06,50,-3881.82133404293
"692",6.5e-06,50,-3913.46065744986
"693",7e-06,50,-3947.76701459599
"694",7.5e-06,50,-3984.372389623
"695",8e-06,50,-4022.9801058287
"696",8.5e-06,50,-4063.34750089226
"697",9e-06,50,-4105.27322723097
"698",1e-06,51,-4012.4117251508
"699",1.5e-06,51,-3897.93082753972
"700",2e-06,51,-3836.33685971614
"701",2.5e-06,51,-3803.7230348536
"702",3e-06,51,-3789.44063269306
"703",3.5e-06,51,-3787.80930164536
"704",4e-06,51,-3795.43837809898
"705",4.5e-06,51,-3810.14081457066
"706",5e-06,51,-3830.42331045368
"707",5.5e-06,51,-3855.22075525941
"708",6e-06,51,-3883.74671084565
"709",6.5e-06,51,-3915.40394746422
"710",7e-06,51,-3949.72822903305
"711",7.5e-06,51,-3986.35153969572
"712",8e-06,51,-4024.97720275196
"713",8.5e-06,51,-4065.36255588318
"714",9e-06,51,-4107.30624482227
"715",1e-06,52,-4014.3087477158
"716",1.5e-06,52,-3899.83440142765
"717",2e-06,52,-3838.24699531035
"718",2.5e-06,52,-3805.6397425388
"719",3e-06,52,-3791.36392285637
"720",3.5e-06,52,-3789.73918467588
"721",4e-06,52,-3797.3748643875
"722",4.5e-06,52,-3812.08391451045
"723",5e-06,52,-3832.37303443956
"724",5.5e-06,52,-3857.17711368828
"725",6e-06,52,-3885.70971411665
"726",6.5e-06,52,-3917.37360597815
"727",7e-06,52,-3951.70455319281
"728",7.5e-06,52,-3988.3345399062
"729",8e-06,52,-4026.96688942013
"730",8.5e-06,52,-4067.35861100708
"731",9e-06,52,-4109.3093289477
"732",1e-06,53,-4016.35046918606
"733",1.5e-06,53,-3901.8719820035
"734",2e-06,53,-3840.28044459674
"735",2.5e-06,53,-3807.66907014355
"736",3e-06,53,-3793.38913838858
"737",3.5e-06,53,-3791.76029774664
"738",4e-06,53,-3799.39188460984
"739",4.5e-06,53,-3814.0968514992
"740",5e-06,53,-3834.3818978115
"741",5.5e-06,53,-3859.18191306205
"742",6e-06,53,-3887.7104591129
"743",6.5e-06,53,-3919.3703062193
"744",7e-06,53,-3953.69721830336
"745",7.5e-06,53,-3990.32317951219
"746",8e-06,53,-4028.95151314994
"747",8.5e-06,53,-4069.33922217567
"748",9e-06,53,-4111.28594313069
"749",1e-06,54,-4018.53173450607
"750",1.5e-06,54,-3904.03894132022
"751",2e-06,54,-3842.43310676646
"752",2.5e-06,54,-3809.80744402391
"753",3e-06,54,-3795.51323283936
"754",3.5e-06,54,-3793.87012162942
"755",4e-06,54,-3801.48744678792
"756",4.5e-06,54,-3816.17816083771
"757",5e-06,54,-3836.44896317728
"758",5.5e-06,54,-3861.23474332412
"759",6e-06,54,-3889.74906314151
"760",6.5e-06,54,-3921.3946928868
"761",7e-06,54,-3955.7073964839
"762",7.5e-06,54,-3992.31915808189
"763",8e-06,54,-4030.93298000992
"764",8.5e-06,54,-4071.3068218437
"765",9e-06,54,-4113.23936945494
"766",1e-06,55,-4020.84767338955
"767",1.5e-06,55,-3906.33090766897
"768",2e-06,55,-3844.70110871444
"769",2.5e-06,55,-3812.05148970701
"770",3e-06,55,-3797.7333303949
"771",3.5e-06,55,-3796.06627919655
"772",4e-06,55,-3803.65967250743
"773",4.5e-06,55,-3818.32646285226
"774",5e-06,55,-3838.57334963129
"775",5.5e-06,55,-3863.33522236345
"776",6e-06,55,-3891.82564291388
"777",6.5e-06,55,-3923.44738154208
"778",7e-06,55,-3957.73620217282
"779",7.5e-06,55,-3994.32408895754
"780",8e-06,55,-4032.91403828342
"781",8.5e-06,55,-4073.26402124336
"782",9e-06,55,-4115.17271813879
"783",1e-06,56,-4023.29367942507
"784",1.5e-06,56,-3908.74374655653
"785",2e-06,56,-3847.08078789223
"786",2.5e-06,56,-3814.3980166145
"787",3e-06,56,-3800.04671247369
"788",3.5e-06,56,-3798.34652388962
"789",4e-06,56,-3805.90678725948
"790",4.5e-06,56,-3820.54045510937
"791",5e-06,56,-3840.75422684152
"792",5.5e-06,56,-3865.48299197608
"793",6e-06,56,-3893.94031238054
"794",6.5e-06,56,-3925.52895831507
"795",7e-06,56,-3959.78469370704
"796",7.5e-06,56,-3996.33919065198
"797",8e-06,56,-4034.89637576621
"798",8.5e-06,56,-4075.21329548888
"799",9e-06,56,-4117.08893660791
"800",1e-06,57,-4025.86539106658
"801",1.5e-06,57,-3911.27354342044
"802",2e-06,57,-3849.56867674621
"803",2.5e-06,57,-3816.84400422757
"804",3e-06,57,-3802.45080561631
"805",3.5e-06,57,-3800.70872933386
"806",4e-06,57,-3808.22711177902
"807",4.5e-06,57,-3822.81890547952
"808",5e-06,57,-3842.99080983898
"809",5.5e-06,57,-3867.6777143791
"810",6e-06,57,-3896.09318096888
"811",6.5e-06,57,-3927.63997987035
"812",7e-06,57,-3961.85387501198
"813",7.5e-06,57,-3998.36653291932
"814",8e-06,57,-4036.88189098232
"815",8.5e-06,57,-4077.15699044152
"816",9e-06,57,-4118.9908180864
"817",1e-06,58,-4028.55867430769
"818",1.5e-06,58,-3913.91658789484
"819",2e-06,58,-3852.16148857464
"820",2.5e-06,58,-3819.38658953267
"821",3e-06,58,-3804.94317052218
"822",3.5e-06,58,-3803.15087996595
"823",4e-06,58,-3810.6190542643
"824",4.5e-06,58,-3825.16064594634
"825",5e-06,58,-3845.28235441721
"826",5.5e-06,58,-3869.91906920033
"827",6e-06,58,-3898.28435216571
"828",6.5e-06,58,-3929.78097357723
"829",7e-06,58,-3963.94469736466
"830",7.5e-06,58,-4000.40718448321
"831",8e-06,58,-4038.87238309655
"832",8.5e-06,58,-4079.09732924624
"833",9e-06,58,-4120.88100972315
"834",1e-06,59,-4031.36960686696
"835",1.5e-06,59,-3916.66935946219
"836",2e-06,59,-3854.85610464833
"837",2.5e-06,59,-3822.02305561214
"838",3e-06,59,-3807.52149210821
"839",3.5e-06,59,-3805.67106256081
"840",4e-06,59,-3813.0811033717
"841",4.5e-06,59,-3827.56456707136
"842",5e-06,59,-3847.62815306626
"843",5.5e-06,59,-3872.20675088129
"844",6e-06,59,-3900.5139223878
"845",6.5e-06,59,-3931.95243785085
"846",7e-06,59,-3966.05775435031
"847",7.5e-06,59,-4002.46244782589
"848",8e-06,59,-4040.86955665975
"849",8.5e-06,59,-4081.03641854605
"850",9e-06,59,-4122.76202027737
"851",1e-06,60,-4034.2944637249
"852",1.5e-06,60,-3919.52851434991
"853",2e-06,60,-3857.64956246345
"854",2.5e-06,60,-3824.75082125363
"855",3e-06,60,-3810.18357047642
"856",3.5e-06,60,-3808.26745855732
"857",4e-06,60,-3815.61182189943
"858",4.5e-06,60,-3830.02961303461
"859",5e-06,60,-3850.0275313705
"860",5.5e-06,60,-3874.54046643321
"861",6e-06,60,-3902.78198009582
"862",6.5e-06,60,-3934.15484262444
"863",7e-06,60,-3968.1945058998
"864",7.5e-06,60,-4004.53355589223
"865",8e-06,60,-4042.87502615632
"866",8.5e-06,60,-4082.97625438789
"867",9e-06,60,-4124.63577166337
"868",1e-06,61,-4037.32970388014
"869",1.5e-06,61,-3922.49087354156
"870",2e-06,61,-3860.53904501066
"871",2.5e-06,61,-3827.56743147636
"872",3e-06,61,-3812.9273126962
"873",3.5e-06,61,-3810.93833709672
"874",4e-06,61,-3818.20984108228
"875",4.5e-06,61,-3832.55477718595
"876",5e-06,61,-3852.47984481685
"877",5.5e-06,61,-3876.91993350223
"878",6e-06,61,-3905.0886051162
"879",6.5e-06,61,-3936.3886299262
"880",7e-06,61,-3970.35545461387
"881",7.5e-06,61,-4006.6216751801
"882",8e-06,61,-4044.89032035188
"883",8.5e-06,61,-4084.91872782609
"884",9e-06,61,-4126.50542108607
"885",1e-06,62,-4040.47195820177
"886",1.5e-06,62,-3925.55341179393
"887",2e-06,62,-3863.52187095493
"888",2.5e-06,62,-3830.47054887487
"889",3e-06,62,-3815.75072531231
"890",3.5e-06,62,-3813.68204869491
"891",4e-06,62,-3820.87385542827
"892",4.5e-06,62,-3835.13909804688
"893",5e-06,62,-3854.98447596069
"894",5.5e-06,62,-3879.34487869819
"895",6e-06,62,-3907.43386813469
"896",6.5e-06,62,-3938.65391512069
"897",7e-06,62,-3972.54135939308
"898",7.5e-06,62,-4008.72790872865
"899",8e-06,62,-4046.91688644491
"900",8.5e-06,62,-4086.86563023975
"901",9e-06,62,-4128.37265600329
"902",1e-06,63,-4043.71801827108
"903",1.5e-06,63,-3928.71324755831
"904",2e-06,63,-3866.59548563739
"905",2.5e-06,63,-3833.4579457002
"906",3e-06,63,-3818.65190750598
"907",3.5e-06,63,-3816.49701948375
"908",4e-06,63,-3823.60261804006
"909",4.5e-06,63,-3837.78165571036
"910",5e-06,63,-3857.54083190589
"911",5.5e-06,63,-3881.81503615628
"912",6e-06,63,-3909.81783033757
"913",6.5e-06,63,-3940.95168047292
"914",7e-06,63,-3974.75293558657
"915",7.5e-06,63,-4010.85329899888
"916",8e-06,63,-4048.95609402825
"917",8.5e-06,63,-4088.81820646705
"918",9e-06,63,-4130.23950033272
"919",1e-06,64,-4047.064826118
"920",1.5e-06,64,-3931.96763371866
"921",2e-06,64,-3869.75745281646
"922",2.5e-06,64,-3836.52749660403
"923",3e-06,64,-3821.62904484192
"924",3.5e-06,64,-3819.38174595998
"925",4e-06,64,-3826.394936366
"926",4.5e-06,64,-3840.481568596
"927",5e-06,64,-3860.14834206281
"928",5.5e-06,64,-3884.33014629678
"929",6e-06,64,-3912.24054317507
"930",6.5e-06,64,-3943.28199389284
"931",7e-06,64,-3976.99085676184
"932",7.5e-06,64,-4012.99883064571
"933",8e-06,64,-4051.00923886435
"934",8.5e-06,64,-4090.77896003823
"935",9e-06,64,-4132.10787210928
"936",1e-06,65,-4050.50946476677
"937",1.5e-06,65,-3935.31394907073
"938",2e-06,65,-3873.00544707756
"939",2.5e-06,65,-3839.67717198066
"940",3e-06,65,-3824.68040354175
"941",3.5e-06,65,-3822.33479019147
"942",4e-06,65,-3829.24966833861
"943",4.5e-06,65,-3843.23799052028
"944",5e-06,65,-3862.80645615001
"945",5.5e-06,65,-3886.8899547593
"946",6e-06,65,-3914.70175847012
"947",6.5e-06,65,-3945.64519291808
"948",7e-06,65,-3979.25575643371
"949",7.5e-06,65,-4015.16543318057
"950",8e-06,65,-4053.07754647926
"951",8.5e-06,65,-4092.74896777905
"952",9e-06,65,-4133.97958894517
"953",1e-06,66,-4054.04914951705
"954",1.5e-06,66,-3938.74969046908
"955",2e-06,66,-3876.33724684806
"956",2.5e-06,66,-3842.90503184856
"957",3e-06,66,-3827.80432523277
"958",3.5e-06,66,-3825.35477543278
"959",4e-06,66,-3832.16571885776
"960",4.5e-06,66,-3846.05010804613
"961",5e-06,66,-3865.51464241194
"962",5.5e-06,66,-3889.49421148771
"963",6e-06,66,-3917.20208293905
"964",6.5e-06,66,-3948.04159094561
"965",7e-06,66,-3981.54822975301
"966",7.5e-06,66,-4017.35398352574
"967",8e-06,66,-4055.16173001918
"968",8.5e-06,66,-4094.729670209
"969",9e-06,66,-4135.85616364934
"970",1e-06,67,-4057.68121989081
"971",1.5e-06,67,-3942.27246558159
"972",2e-06,67,-3879.75072795942
"973",2.5e-06,67,-3846.20922021987
"974",3e-06,67,-3830.99922212591
"975",3.5e-06,67,-3828.44038211011
"976",4e-06,67,-3835.14203658296
"977",4.5e-06,67,-3848.91713808343
"978",5e-06,67,-3868.27238602657
"979",5.5e-06,67,-3892.14266994558
"980",6e-06,67,-3919.74125304939
"981",6.5e-06,67,-3950.47147806218
"982",7e-06,67,-3983.8688351441
"983",7.5e-06,67,-4019.56530846062
"984",8e-06,67,-4057.26376901768
"985",8.5e-06,67,-4096.7224308703
"986",9e-06,67,-4137.7396440706
"987",1e-06,68,-4061.40313218646
"988",1.5e-06,68,-3945.87998619671
"989",2e-06,68,-3883.24385770693
"990",2.5e-06,68,-3849.58795991343
"991",3e-06,68,-3834.26357257989
"992",3.5e-06,68,-3831.59034413987
"993",4e-06,68,-3838.17761100456
"994",4.5e-06,68,-3851.83832571352
"995",5e-06,68,-3871.07918768258
"996",5.5e-06,68,-3894.83508644584
"997",6e-06,68,-3922.31928075546
"998",6.5e-06,68,-3952.93512187988
"999",7e-06,68,-3986.21809589406
"1000",7.5e-06,68,-4021.80018696408
"1001",8e-06,68,-4059.38425934653
"1002",8.5e-06,68,-4098.72854017559
"1003",9e-06,68,-4139.63137000135
"1004",1e-06,69,-4065.21245258618
"1005",1.5e-06,69,-3949.57006203272
"1006",2e-06,69,-3886.81468936105
"1007",2.5e-06,69,-3853.03954776843
"1008",3e-06,69,-3837.59591701907
"1009",3.5e-06,69,-3834.80344554712
"1010",4e-06,69,-3841.27146976458
"1011",4.5e-06,69,-3854.81294221181
"1012",5e-06,69,-3873.93456230512
"1013",5.5e-06,69,-3897.57093762779
"1014",6e-06,69,-3924.93616833048
"1015",6.5e-06,69,-3955.43276837034
"1016",7e-06,69,-3988.59650168881
"1017",7.5e-06,69,-4024.05891575928
"1018",8e-06,69,-4061.52417816945
"1019",8.5e-06,69,-4100.74901216842
"1020",9e-06,69,-4141.53262618876
"1021",1e-06,70,-4069.10685076616
"1022",1.5e-06,70,-3953.34059500414
"1023",2e-06,70,-3890.46135709053
"1024",2.5e-06,70,-3856.56235022303
"1025",3e-06,70,-3840.99485416647
"1026",3.5e-06,70,-3838.07851735598
"1027",4e-06,70,-3844.42267620371
"1028",4.5e-06,70,-3857.84028325109
"1029",5e-06,70,-3876.83803791495
"1030",5.5e-06,70,-3900.35054369329
"1031",6e-06,70,-3927.59190853758
"1032",6.5e-06,70,-3957.96464269167
"1033",7e-06,70,-3991.00451009704
"1034",7.5e-06,70,-4026.34305189986
"1035",8e-06,70,-4063.68444792289
"1036",8.5e-06,70,-4102.78541251135
"1037",9e-06,70,-4143.44515731031
"1038",1e-06,71,-4073.08409396865
"1039",1.5e-06,71,-3957.18957390674
"1040",2e-06,71,-3894.18207125947
"1041",2.5e-06,71,-3860.15479922508
"1042",3e-06,71,-3844.45903756906
"1043",3.5e-06,71,-3841.41443472695
"1044",4e-06,71,-3847.63032711185
"1045",4.5e-06,71,-3860.91966726541
"1046",5e-06,71,-3879.78915460504
"1047",5.5e-06,71,-3903.17338854359
"1048",6e-06,71,-3930.28648483364
"1049",6.5e-06,71,-3960.53095000478
"1050",7e-06,71,-3993.44254799944
"1051",7.5e-06,71,-4028.65281363587
"1052",8e-06,71,-4065.86593897215
"1053",8.5e-06,71,-4104.83862944946
"1054",9e-06,71,-4145.36998719588
"1055",1e-06,72,-4077.14204149467
"1056",1.5e-06,72,-3961.11506948365
"1057",2e-06,72,-3897.97511406789
"1058",2.5e-06,72,-3863.81538844583
"1059",3e-06,72,-3847.98717238378
"1060",3.5e-06,72,-3844.81011431786
"1061",4e-06,72,-3850.89355066136
"1062",4.5e-06,72,-3864.05043395669
"1063",5e-06,72,-3882.78746362211
"1064",5.5e-06,72,-3906.03923498432
"1065",6e-06,72,-3933.01987159726
"1066",6.5e-06,72,-3963.1318762766
"1067",7e-06,72,-3995.91101296532
"1068",7.5e-06,72,-4030.98881015396
"1069",8e-06,72,-4068.06926896309
"1070",8.5e-06,72,-4106.90951810376
"1071",9e-06,72,-4147.30858384131
"1072",1e-06,73,-4081.27863958207
"1073",1.5e-06,73,-3965.11522984062
"1074",2e-06,73,-3901.83883550348
"1075",2.5e-06,73,-3867.54266976916
"1076",3e-06,73,-3851.57801240466
"1077",3.5e-06,73,-3848.26451184664
"1078",4e-06,73,-3854.21150450856
"1079",4.5e-06,73,-3867.2319429338
"1080",5e-06,73,-3885.83225536457
"1081",5.5e-06,73,-3908.94784657042
"1082",6e-06,73,-3935.79203437817
"1083",6.5e-06,73,-3965.76758906531
"1084",7e-06,73,-3998.40984337879
"1085",7.5e-06,73,-4033.35161307157
"1086",8e-06,73,-4070.29561508716
"1087",8.5e-06,73,-4108.99940643122
"1088",9e-06,73,-4149.26197250753
"1089",1e-06,74,-4085.49191663844
"1090",1.5e-06,74,-3969.1882761821
"1091",2e-06,74,-3905.77164958056
"1092",2.5e-06,74,-3871.33525003328
"1093",3e-06,74,-3855.23035730744
"1094",3.5e-06,74,-3851.77661983971
"1095",4e-06,74,-3857.58337404482
"1096",4.5e-06,74,-3870.46357246569
"1097",5e-06,74,-3888.92363963129
"1098",5.5e-06,74,-3911.89898736843
"1099",6e-06,74,-3938.60293016174
"1100",6.5e-06,74,-3968.43823828883
"1101",7e-06,74,-4000.94023859123
"1102",7.5e-06,74,-4035.74175821241
"1103",8e-06,74,-4072.54550579062
"1104",8.5e-06,74,-4111.10904133575
"1105",9e-06,74,-4151.23135023227
"1106",1e-06,75,-4089.77997879854
"1107",1.5e-06,75,-3973.33249883975
"1108",2e-06,75,-3909.77203084151
"1109",2.5e-06,75,-3875.19178800366
"1110",3e-06,75,-3858.94305009376
"1111",3.5e-06,75,-3855.34546554906
"1112",4e-06,75,-3861.00837078438
"1113",4.5e-06,75,-3873.74471834304
"1114",5e-06,75,-3892.06092904008
"1115",5.5e-06,75,-3914.8924217599
"1116",6e-06,75,-3941.45250764478
"1117",6.5e-06,75,-3971.14395697261
"1118",7e-06,75,-4003.50209067885
"1119",7.5e-06,75,-4038.1597472981
"1120",8e-06,75,-4074.81962716288
"1121",8.5e-06,75,-4113.23918082826
"1122",9e-06,75,-4153.21773103667
"1123",1e-06,76,-4094.14100577971
"1124",1.5e-06,76,-3977.54625357139
"1125",2e-06,76,-3913.83851109727
"1126",2.5e-06,76,-3879.11099155734
"1127",3e-06,76,-3862.71497471937
"1128",3.5e-06,76,-3858.97010902109
"1129",4e-06,76,-3864.48573087761
"1130",4.5e-06,76,-3877.07479283263
"1131",5e-06,76,-3895.24371198672
"1132",5.5e-06,76,-3917.92791428258
"1133",6e-06,76,-3944.34070751957
"1134",6.5e-06,76,-3973.88444513486
"1135",7e-06,76,-4006.09569268108
"1136",7.5e-06,76,-4040.60584851243
"1137",8e-06,76,-4077.11844846511
"1138",8.5e-06,76,-4115.39082926765
"1139",9e-06,76,-4155.22211280701
"1140",1e-06,77,-4098.57324701307
"1141",1.5e-06,77,-3981.82795810781
"1142",2e-06,77,-3917.96967639029
"1143",2.5e-06,77,-3883.09161506049
"1144",3e-06,77,-3866.5450538869
"1145",3.5e-06,77,-3862.64964130709
"1146",4e-06,77,-3868.01471373658
"1147",4.5e-06,77,-3880.45322371938
"1148",5e-06,77,-3898.47158464179
"1149",5.5e-06,77,-3921.00522950449
"1150",6e-06,77,-3947.26746276372
"1151",6.5e-06,77,-3976.66063237303
"1152",7e-06,77,-4008.72131443172
"1153",7.5e-06,77,-4043.08089958674
"1154",8e-06,77,-4079.44292647038
"1155",8.5e-06,77,-4117.56473179854
"1156",9e-06,77,-4157.24543923619
"1157",1e-06,78,-4103.07501802712
"1158",1.5e-06,78,-3986.17608892711
"1159",2e-06,78,-3922.16416415959
"1160",2.5e-06,78,-3887.13245692568
"1161",3e-06,78,-3870.43224699331
"1162",3.5e-06,78,-3866.38318280075
"1163",4e-06,78,-3871.59460076346
"1164",4.5e-06,78,-3883.87919265407
"1165",5e-06,78,-3901.74415046006
"1166",5.5e-06,78,-3924.12413192413
"1167",6e-06,78,-3950.23269893176
"1168",6.5e-06,78,-3979.4721939525
"1169",7e-06,78,-4011.37920363247
"1170",7.5e-06,78,-4045.58511091115
"1171",8e-06,78,-4081.79345721687
"1172",8.5e-06,78,-4119.76157925289
"1173",9e-06,78,-4159.28860246236
"1174",1e-06,79,-4107.64469706601
"1175",1.5e-06,79,-3990.58917823956
"1176",2e-06,79,-3926.4206605943
"1177",2.5e-06,79,-3891.23235733095
"1178",3e-06,79,-3874.37554821794
"1179",3.5e-06,79,-3870.1698816935
"1180",4e-06,79,-3875.22469417368
"1181",4.5e-06,79,-3887.35267408783
"1182",5e-06,79,-3905.06101973845
"1183",5.5e-06,79,-3927.28438589688
"1184",6e-06,79,-3953.23633444866
"1185",6.5e-06,79,-3982.31920237932
"1186",7e-06,79,-4014.06958688167
"1187",7.5e-06,79,-4048.11886318777
"1188",8e-06,79,-4084.17046403903
"1189",8.5e-06,79,-4121.98206057509
"1190",9e-06,79,-4161.3524455679
"1191",1e-06,80,-4112.2807219221
"1192",1.5e-06,80,-3995.06581116784
"1193",2e-06,80,-3930.73789815717
"1194",2.5e-06,80,-3895.39019609123
"1195",3e-06,80,-3878.3739847386
"1196",3.5e-06,80,-3874.00891253755
"1197",4e-06,80,-3878.90431590426
"1198",4.5e-06,80,-3890.87287992529
"1199",5e-06,80,-3908.42180921746
"1200",5.5e-06,80,-3930.48575558126
"1201",6e-06,80,-3956.27828090198
"1202",6.5e-06,80,-3985.20171668127
"1203",7e-06,80,-4016.79247314483
"1204",7.5e-06,80,-4050.68233650806
"1205",8e-06,80,-4086.57466990665
"1206",8.5e-06,80,-4124.22682466438
"1207",9e-06,80,-4163.43776494778
