X1,X1_1,HOUSE_ID,ENROLLID,SPECID,onset,collect,vaccination_status,pcr_result,LAURING_ID,DPI,season,log_copy_num,gc_ul,HIGHSD,sequenced,home_collected,snv_qualified
64,64,1068,300293,M54585,2011-03-08,2011-03-11,0,A/H3N2,1164,4,2010-2011,5.26756907613158,13226.3813529662,N,TRUE,0,TRUE
65,65,1068,300294,M54586,2011-03-07,2011-03-11,0,A/H3N2,1165,5,2010-2011,5.690701390174,35040.7468865956,N,TRUE,0,TRUE
42,42,1077,300330,M54205,2011-02-22,2011-02-23,1,A/H1N1,1142,2,2010-2011,4.25027819863192,1271.01349865439,N,TRUE,0,TRUE
43,43,1077,300331,M54206,2011-02-20,2011-02-23,1,A/H1N1,1143,4,2010-2011,4.75823618990244,4093.62592365556,N,TRUE,0,TRUE
44,44,1077,300332,M54207,2011-02-22,2011-02-23,1,A/H1N1,1144,2,2010-2011,4.59017259445605,2779.99848202134,N,TRUE,0,TRUE
25,25,1080,300341,M53769,2011-01-31,2011-02-03,0,A/H3N2,1125,4,2010-2011,4.85153716568115,5074.68547281161,N,TRUE,0,TRUE
79,79,1111,300481,M54913,2011-03-30,2011-03-30,0,A/H3N2,1179,1,2010-2011,5.62154710381598,29882.6472446822,N,TRUE,0,TRUE
12,12,1130,300557,M53523,2011-01-24,2011-01-24,1,A/H1N1,1112,1,2010-2011,6.04484433151435,79198.3795684777,N,TRUE,0,TRUE
85,85,1156,300670,M55001,2011-04-01,2011-04-04,1,A/H3N2,1185,4,2010-2011,6.98380855916435,688145.894945026,N,TRUE,0,TRUE
50,50,1156,300671,M54369,2011-02-28,2011-03-02,1,A/H3N2,1150,3,2010-2011,5.92256576792681,59763.7351216904,N,TRUE,0,TRUE
68,68,1159,300685,M54659,2011-03-16,2011-03-17,0,A/H3N2,1168,2,2010-2011,6.13666153906741,97843.8432923421,N,TRUE,0,TRUE
75,75,1160,300688,M54805,2011-03-23,2011-03-24,1,A/H3N2,1175,2,2010-2011,6.22134642952201,118910.004033692,N,TRUE,0,TRUE
74,74,1182,300788,M54791,2011-03-23,2011-03-24,1,A/H3N2,1174,2,2010-2011,5.31818472085586,14861.2960289796,N,TRUE,0,TRUE
2,2,1191,300828,M53302,2011-01-03,2011-01-04,1,A/H3N2,1102,2,2010-2011,6.48688171477685,219156.158420374,N,TRUE,0,TRUE
54,54,1234,301023,M54375,2011-02-28,2011-03-02,0,A/H3N2,1154,3,2010-2011,4.93122470113354,6096.72583328724,N,TRUE,0,TRUE
53,53,1234,301024,M54374,2011-03-01,2011-03-02,0,A/H3N2,1153,2,2010-2011,4.98771507959072,6943.63756329413,Y,TRUE,0,TRUE
34,34,1245,301072,M54053,2011-02-15,2011-02-16,1,A/H3N2,1134,2,2010-2011,4.72973482548841,3833.59994206691,N,TRUE,0,TRUE
62,62,1255,301120,M54580,2011-03-10,2011-03-11,1,A/H3N2,1162,2,2010-2011,4.81286795651406,4642.37181480468,N,TRUE,0,TRUE
49,49,1257,301125,M54310,2011-02-26,2011-02-28,1,A/H3N2,1149,3,2010-2011,5.59185737957379,27908.0404577259,N,TRUE,0,TRUE
37,37,1275,301203,M54062,2011-02-13,2011-02-16,0,A/H1N1,1137,4,2010-2011,4.71136255794818,3674.80689249517,N,TRUE,0,TRUE
39,39,1308,301306,M54181,2011-02-20,2011-02-22,1,A/H3N2,1139,3,2010-2011,5.28806471032784,13865.5363796139,N,TRUE,0,TRUE
71,71,1302,301355,M54724,2011-03-20,2011-03-21,1,A/H3N2,1171,2,2010-2011,7.42693807925146,1909018.08891275,N,TRUE,0,TRUE
73,73,1302,301357,M54726,2011-03-20,2011-03-21,1,A/H3N2,1173,2,2010-2011,6.11283767478975,92621.0369990775,N,TRUE,0,TRUE
21,21,1348,301529,M53671,2011-01-25,2011-01-27,0,A/H3N2,1121,3,2010-2011,5.06065341811546,8213.44555096298,N,TRUE,0,TRUE
22,22,1348,301530,M53672,2011-01-25,2011-01-27,0,A/H3N2,1122,3,2010-2011,4.3151188675942,1475.67538100647,N,TRUE,0,TRUE
89,89,2004,320015,MH0728,2012-02-12,2012-02-13,1,A/H3N2,1203,2,2011-2012,5.10910699254071,9182.881010277,N,TRUE,0,TRUE
91,91,2028,320110,MH0922,2012-02-20,2012-02-23,1,A/H3N2,1205,4,2011-2012,4.75668621769933,4079.04204651563,N,TRUE,0,TRUE
87,87,2054,320216,MH0495,2012-01-29,2012-01-30,0,A/H3N2,1201,2,2011-2012,4.37447474434865,1691.79099377906,N,TRUE,0,TRUE
107,107,2117,320468,MH1782,2012-04-12,2012-04-13,1,A/H3N2,1221,2,2011-2012,5.99057890511616,69895.7661096343,N,TRUE,0,TRUE
103,103,2162,320645,MH1346,2012-03-11,2012-03-12,0,A/H3N2,1217,2,2011-2012,4.24045843538245,1242.59728309241,N,TRUE,0,TRUE
90,90,2166,320661,MH0778,2012-02-13,2012-02-14,1,A/H3N2,1204,2,2011-2012,4.39376817838224,1768.64284990813,N,TRUE,0,TRUE
99,99,2162,321372,MH1205,2012-03-08,2012-03-08,0,A/H3N2,1213,1,2011-2012,5.54229321675574,24898.0411899606,N,TRUE,0,TRUE
131,131,3008,330032,MH2616,2012-12-25,2012-12-28,1,A/H3N2,1245,4,2012-2013,5.5584067906487,25839.1816455019,N,TRUE,0,TRUE
127,127,3009,330035,MH2527,2012-12-19,2012-12-20,1,A/H3N2,1241,2,2012-2013,6.77290827753191,423428.651923576,N,TRUE,0,TRUE
157,157,3034,330133,MH3270,2013-01-24,2013-01-28,0,A/H3N2,1323,5,2012-2013,4.89684606936333,5632.71832038632,N,TRUE,0,TRUE
151,151,3034,330136,MH3061,2013-01-19,2013-01-21,0,A/H3N2,1317,3,2012-2013,5.29571139383239,14111.8307187602,N,TRUE,0,TRUE
126,126,3061,330243,MH2516,2012-12-17,2012-12-19,1,A/H3N2,1240,3,2012-2013,5.28737326679647,13843.4785181133,N,TRUE,0,TRUE
123,123,3077,330307,MH2466,2012-12-12,2012-12-15,1,A/H3N2,1237,4,2012-2013,5.2435102487156,12513.5984006548,N,TRUE,0,TRUE
137,137,3111,330441,MH2706,2013-01-02,2013-01-04,1,A/H3N2,1303,3,2012-2013,5.77010224533225,42070.164450003,N,TRUE,0,TRUE
111,111,3113,330450,MH2362,2012-12-02,2012-12-03,0,A/H3N2,1225,2,2012-2013,4.15264566038893,1015.12056176152,N,TRUE,0,TRUE
113,113,3113,330452,MH2364,2012-12-02,2012-12-03,0,A/H3N2,1227,2,2012-2013,6.46886466253207,210250.301307777,N,TRUE,0,TRUE
117,117,3148,330589,MH2447,2012-12-11,2012-12-12,1,A/H3N2,1231,2,2012-2013,5.32726020703431,15175.1213044972,N,TRUE,0,TRUE
118,118,3151,330601,MH2448,2012-12-11,2012-12-12,1,A/H3N2,1232,2,2012-2013,5.87407736108303,53450.198869387,N,TRUE,0,TRUE
145,145,3160,330640,MH2936,2013-01-12,2013-01-14,1,A/H1N1,1311,3,2012-2013,6.57182667074537,266500.872414677,N,TRUE,0,TRUE
144,144,3174,330693,MH2863,2013-01-09,2013-01-11,0,A/H3N2,1310,3,2012-2013,5.12143854829268,9447.36103911331,N,TRUE,0,TRUE
114,114,3186,330744,MH2365,2012-12-01,2012-12-03,1,A/H3N2,1228,3,2012-2013,4.58731386088358,2761.75930045141,N,TRUE,0,TRUE
155,155,3225,330897,MH3208,2013-01-23,2013-01-24,0,A/H3N2,1321,2,2012-2013,5.45123717873044,20188.7366542645,N,TRUE,0,TRUE
141,141,3238,330949,MH2810,2013-01-08,2013-01-09,0,A/H3N2,1307,2,2012-2013,4.70764338476614,3643.47126808786,N,TRUE,0,TRUE
116,116,3075,331045,MH2436,2012-12-10,2012-12-11,1,A/H3N2,1230,2,2012-2013,5.41142657380223,18420.3780051986,N,TRUE,0,TRUE
139,139,3111,331061,MH2737,2013-01-02,2013-01-07,1,A/H3N2,1305,6,2012-2013,4.48452856886802,2179.71911721178,N,TRUE,0,TRUE
115,115,3310,331138,MH2382,2012-12-02,2012-12-04,0,A/H3N2,1229,3,2012-2013,5.78725333561226,43764.8354517459,N,TRUE,0,TRUE
128,128,3274,331395,MH2530,2012-12-17,2012-12-20,0,A/H3N2,1242,4,2012-2013,5.37531914542977,16950.8355187754,N,TRUE,0,TRUE
147,147,3284,331433,MH2942,2013-01-14,2013-01-15,0,A/H3N2,1313,2,2012-2013,4.32896117184515,1523.46729750887,N,TRUE,0,TRUE
124,124,3296,331482,MH2497,2012-12-14,2012-12-15,0,A/H3N2,1238,2,2012-2013,5.75364679795372,40505.9444029598,N,TRUE,0,TRUE
174,174,3311,331541,MH4091,2013-03-05,2013-03-08,0,A/H3N2,1340,4,2012-2013,5.10329352607002,9060.77801242841,N,TRUE,0,TRUE
227,227,5001,50001,HS1563,2014-12-25,2014-12-25,0,A/H3N2,HS1563,1,2014-2015,6.17367855464174,106549.279906961,N,TRUE,1,TRUE
230,230,5001,50003,HS1562,2014-12-25,2014-12-25,0,A/H3N2,HS1562,1,2014-2015,5.03509725237236,7744.06904980928,N,TRUE,1,TRUE
232,232,5001,50004,HS1564,2014-12-25,2014-12-25,0,A/H3N2,HS1564,1,2014-2015,6.9117096207844,582883.263008704,N,TRUE,1,TRUE
234,234,5002,50006,HS1394,2014-12-07,2014-12-07,0,A/H3N2,HS1394,1,2014-2015,7.08906098064621,876865.422742531,N,TRUE,1,TRUE
237,237,5002,50007,MH7843,2014-12-07,2014-12-08,0,A/H3N2,MH7843,2,2014-2015,6.09152862163635,88186.1912645281,N,TRUE,0,TRUE
243,243,5017,50068,MH8692,2014-12-27,2014-12-31,1,A/H3N2,MH8692,5,2014-2015,4.41847355249335,1872.17101333886,N,TRUE,0,TRUE
246,246,5028,50120,MH8155,2014-12-15,2014-12-16,1,A/H3N2,MH8155,2,2014-2015,6.59238090069693,279417.025440071,N,TRUE,0,TRUE
251,251,5033,50141,HS1376,2014-12-03,2014-12-04,1,A/H3N2,HS1376,2,2014-2015,7.18714433015795,1099047.07427442,N,TRUE,1,TRUE
253,253,5034,50143,HS1604,2015-01-11,2015-01-12,1,A/H3N2,HS1604,2,2014-2015,6.75834357903316,409463.82903885,N,TRUE,1,TRUE
258,258,5035,50150,HS1484,2014-12-18,2014-12-18,1,A/H3N2,HS1484,1,2014-2015,4.76670916231836,4174.27567066476,N,TRUE,1,TRUE
259,259,5038,50161,MH8156,2014-12-13,2014-12-16,0,A/H3N2,MH8156,4,2014-2015,5.05213203579552,8053.85859260289,N,TRUE,0,TRUE
262,262,5039,50164,HS1567,2014-12-26,2014-12-28,1,A/H3N2,HS1567,3,2014-2015,4.52037719496809,2367.27743981759,N,TRUE,1,TRUE
264,264,5039,50167,MH8700,2014-12-27,2014-12-31,1,A/H3N2,MH8700,5,2014-2015,5.46200509845267,20695.5542972638,N,TRUE,0,TRUE
265,265,5040,50168,MH7505,2014-11-21,2014-11-22,0,A/H3N2,MH7505,2,2014-2015,5.01289738508155,7358.16207143003,N,TRUE,0,TRUE
266,266,5040,50169,HS1255,2014-11-13,2014-11-16,0,A/H3N2,HS1255,4,2014-2015,6.34260117595124,157207.456166429,N,TRUE,1,TRUE
268,268,5040,50171,MH7796,2014-12-06,2014-12-06,0,A/H3N2,MH7796,1,2014-2015,4.45436031643894,2033.4443001354,N,TRUE,0,TRUE
269,269,5046,50197,MH8165,2014-12-14,2014-12-16,0,A/H3N2,MH8165,3,2014-2015,4.84201187116259,4964.59511353398,N,TRUE,0,TRUE
271,271,5048,50206,MH7492,2014-11-20,2014-11-21,0,A/H3N2,MH7492,2,2014-2015,6.7162212758411,371615.00382535,N,TRUE,0,TRUE
272,272,5048,50207,HS1340,2014-11-30,2014-11-30,0,A/H3N2,HS1340,1,2014-2015,7.78471603560569,4350989.14626686,N,TRUE,1,TRUE
274,274,5053,50230,HS1413,2014-12-05,2014-12-05,0,A/H3N2,HS1413,1,2014-2015,6.46030699504674,206147.921030916,N,TRUE,1,TRUE
276,276,5053,50232,HS1448,2014-12-12,2014-12-13,1,A/H3N2,HS1448,2,2014-2015,5.39507015416111,17739.5303778508,N,TRUE,1,TRUE
279,279,5057,50246,MH8766,2015-01-01,2015-01-05,1,A/H3N2,MH8766,5,2014-2015,6.37192212880595,168187.646394325,N,TRUE,0,TRUE
281,281,5061,50261,HS1393,2014-12-06,2014-12-07,1,A/H3N2,HS1393,2,2014-2015,6.56886774736604,264691.327274099,N,TRUE,1,TRUE
283,283,5066,50288,MH8586,2014-12-26,2014-12-29,1,A/H3N2,MH8586,4,2014-2015,4.19340973970556,1115.01755241528,N,TRUE,0,TRUE
286,286,5070,50305,MH7890,2014-12-05,2014-12-10,0,A/H3N2,MH7890,6,2014-2015,6.11665119375959,93437.9191253739,N,TRUE,0,TRUE
287,287,5070,50307,HS1345,2014-11-29,2014-11-30,0,A/H3N2,HS1345,2,2014-2015,5.05806596089316,8164.65663560268,N,TRUE,1,TRUE
289,289,5073,50316,HS1369,2014-11-30,2014-11-30,1,A/H3N2,HS1369,1,2014-2015,6.39435064291427,177101.649935946,N,TRUE,1,TRUE
290,290,5073,50318,HS1336,2014-11-23,2014-11-23,1,A/H3N2,HS1336,1,2014-2015,7.44100319305389,1971855.82345112,N,TRUE,1,TRUE
293,293,5073,50319,MH7612,2014-11-25,2014-11-26,1,A/H3N2,MH7612,2,2014-2015,6.96186453978366,654239.112547579,N,TRUE,0,TRUE
294,294,5074,50322,HS1377,2014-12-03,2014-12-03,1,A/H3N2,HS1377,1,2014-2015,4.48483923290208,2181.27889431404,N,TRUE,1,TRUE
296,296,5075,50323,MH8589,2014-12-24,2014-12-29,1,A/H3N2,MH8589,6,2014-2015,4.25075343786921,1272.40510302206,N,TRUE,0,TRUE
297,297,5078,50330,MH7845,2014-12-06,2014-12-08,1,A/H3N2,MH7845,3,2014-2015,5.04092682445913,7848.71914528868,N,TRUE,0,TRUE
300,300,5078,50331,MH7891,2014-12-09,2014-12-10,0,A/H3N2,MH7891,2,2014-2015,5.5931656386784,27992.2367742622,N,TRUE,0,TRUE
301,301,5078,50332,MH8126,2014-12-11,2014-12-15,0,A/H3N2,MH8126,5,2014-2015,4.86444441946186,5227.76893582715,N,TRUE,0,TRUE
302,302,5084,50359,MH7409,2014-11-14,2014-11-17,1,A/H3N2,MH7409,4,2014-2015,5.28248672318427,13688.5891107403,N,TRUE,0,TRUE
304,304,5093,50399,MH7893,2014-12-10,2014-12-10,0,A/H3N2,MH7893,1,2014-2015,6.77030330748492,420896.458768179,N,TRUE,0,TRUE
310,310,5098,50418,MH8592,2014-12-27,2014-12-29,1,A/H3N2,MH8592,3,2014-2015,6.54722119968015,251821.707281717,N,TRUE,0,TRUE
313,313,5101,50428,HS1388,2014-12-07,2014-12-07,0,A/H3N2,HS1388,1,2014-2015,6.63296349531457,306785.945382733,N,TRUE,1,TRUE
315,315,5101,50429,HS1342,2014-11-27,2014-11-27,0,A/H3N2,HS1342,1,2014-2015,8.147691213515,10036058.3542358,N,TRUE,1,TRUE
320,320,5109,50466,HS1543,2014-12-24,2014-12-24,0,A/H3N2,HS1543,1,2014-2015,5.43346319605192,19379.1694588452,N,TRUE,1,TRUE
322,322,5109,50467,HS1544,2014-12-24,2014-12-24,0,A/H3N2,HS1544,1,2014-2015,6.70718815338101,363965.414962725,N,TRUE,1,TRUE
324,324,5109,50468,MH8439,2014-12-21,2014-12-23,0,A/H3N2,MH8439,3,2014-2015,5.29106434657173,13961.6359922664,N,TRUE,0,TRUE
328,328,5114,50482,MH7455,2014-11-19,2014-11-20,1,A/H3N2,MH7455,2,2014-2015,7.25099406128149,1273110.28189008,N,TRUE,0,TRUE
333,333,5126,50539,MH7885,2014-12-06,2014-12-09,1,A/H3N2,MH7885,4,2014-2015,5.27017726775289,13306.0524822515,N,TRUE,0,TRUE
334,334,5126,50540,HS1409,2014-12-06,2014-12-06,1,A/H3N2,HS1409,1,2014-2015,5.10772961439065,9153.80335873375,N,TRUE,1,TRUE
337,337,5129,50551,MH7440,2014-11-18,2014-11-19,1,A/H3N2,MH7440,2,2014-2015,4.33777909545175,1554.71597045394,N,TRUE,0,TRUE
338,338,5129,50552,MH7390,2014-11-17,2014-11-17,0,A/H3N2,MH7390,1,2014-2015,5.67894818749773,34105.1647518907,N,TRUE,0,TRUE
339,339,5129,50553,HS1256,2014-11-16,2014-11-16,0,A/H3N2,HS1256,1,2014-2015,7.59762219990983,2828096.10866543,N,TRUE,1,TRUE
341,341,5130,50556,MH8386,2014-12-18,2014-12-22,1,A/H3N2,MH8386,5,2014-2015,5.93947527430681,62136.5646392847,N,TRUE,0,TRUE
342,342,5130,50558,HS1507,2014-12-20,2014-12-21,1,A/H3N2,HS1507,2,2014-2015,7.42942051713723,1919961.32914157,N,TRUE,1,TRUE
346,346,5143,50618,HS1328,2014-11-24,2014-11-25,0,A/H3N2,HS1328,2,2014-2015,6.73673489697025,389589.15713512,N,TRUE,1,TRUE
348,348,5143,50619,HS1327,2014-11-25,2014-11-25,0,A/H3N2,HS1327,1,2014-2015,7.04355849932224,789642.406965391,N,TRUE,1,TRUE
349,349,5143,50620,HS1313,2014-11-22,2014-11-22,0,A/H3N2,HS1313,1,2014-2015,7.7788070855109,4292191.10137329,N,TRUE,1,TRUE
351,351,5147,50628,HS1250,2014-11-10,2014-11-10,1,A/H3N2,HS1250,1,2014-2015,7.60084723189153,2849175.46728811,N,TRUE,1,TRUE
352,352,5147,50630,HS1294,2014-11-18,2014-11-19,1,A/H3N2,HS1294,2,2014-2015,4.3618322336727,1643.25210769416,N,TRUE,1,TRUE
354,354,5147,50632,HS1253,2014-11-13,2014-11-13,1,A/H3N2,HS1253,1,2014-2015,8.31080293929343,14610830.5361565,N,TRUE,1,TRUE
356,356,5158,50676,HS1532,2014-12-23,2014-12-23,1,A/H3N2,HS1532,1,2014-2015,4.74466117603231,3967.64804297726,N,TRUE,1,TRUE
358,358,5158,50677,HS1455,2014-12-13,2014-12-13,1,A/H3N2,HS1455,1,2014-2015,6.12745284464159,95791.0224778297,N,TRUE,1,TRUE
360,360,5158,50678,HS1385,2014-12-05,2014-12-05,1,A/H3N2,HS1385,1,2014-2015,8.58734523882211,27619588.4580095,N,TRUE,1,TRUE
364,364,5168,50717,HS1357,2014-11-29,2014-11-30,1,A/H3N2,HS1357,2,2014-2015,5.32272352077918,15017.4254643579,N,TRUE,1,TRUE
365,365,5170,50727,HS1596,2015-01-08,2015-01-08,1,A/H3N2,HS1596,1,2014-2015,6.83893864391573,492958.78235852,N,TRUE,1,TRUE
374,374,5180,50767,HS1525,2014-12-19,2014-12-19,0,A/H3N2,HS1525,1,2014-2015,4.5047889158999,2283.814785262,N,TRUE,1,TRUE
376,376,5181,50769,HS1349,2014-11-29,2014-11-30,0,A/H3N2,HS1349,2,2014-2015,7.25263551273067,1277931.21094279,N,TRUE,1,TRUE
378,378,5185,50784,HS1465,2014-12-15,2014-12-15,1,A/H3N2,HS1465,1,2014-2015,5.51981314383303,23642.0487303956,N,TRUE,1,TRUE
380,380,5185,50785,HS1463,2014-12-14,2014-12-15,1,A/H3N2,HS1463,2,2014-2015,6.3410647738078,156652.286461899,N,TRUE,1,TRUE
382,382,5185,50786,MH8041,2014-12-11,2014-12-12,1,A/H3N2,MH8041,2,2014-2015,7.97046456980503,6673236.77004296,N,TRUE,0,TRUE
386,386,5191,50809,HS1460,2014-12-14,2014-12-15,1,A/H3N2,HS1460,2,2014-2015,6.59006713025491,277932.346832683,N,TRUE,1,TRUE
388,388,5191,50812,HS1427,2014-12-10,2014-12-10,1,A/H3N2,HS1427,1,2014-2015,5.4682138095567,20993.5446866126,Y,TRUE,1,TRUE
391,391,5195,50830,HS1375,2014-12-04,2014-12-05,1,A/H3N2,HS1375,2,2014-2015,4.15463701821335,1019.78585210983,N,TRUE,1,TRUE
392,392,5195,50832,HS1341,2014-11-30,2014-11-30,1,A/H3N2,HS1341,1,2014-2015,5.76987609430991,42048.2628731935,N,TRUE,1,TRUE
394,394,5197,50842,HS1517,2014-12-22,2014-12-22,1,A/H3N2,HS1517,1,2014-2015,7.02346902281132,753947.294546966,N,TRUE,1,TRUE
396,396,5200,50850,HS1537,2014-12-24,2014-12-24,1,A/H3N2,HS1537,1,2014-2015,6.60713065882962,289069.73422093,N,TRUE,1,TRUE
398,398,5200,50851,HS1509,2014-12-20,2014-12-20,1,A/H3N2,HS1509,1,2014-2015,6.21584002219216,117411.864989997,N,TRUE,1,TRUE
400,400,5200,50852,MH8183,2014-12-14,2014-12-17,1,A/H3N2,MH8183,4,2014-2015,5.82196901803731,47406.83725613,N,TRUE,0,TRUE
403,403,5204,50874,MH7800,2014-12-05,2014-12-06,1,A/H3N2,MH7800,2,2014-2015,5.47239195556909,21196.4885031859,N,TRUE,0,TRUE
405,405,5206,50879,MH8714,2014-12-28,2014-12-31,1,A/H3N2,MH8714,4,2014-2015,7.14252329003051,991734.118237906,N,TRUE,0,TRUE
406,406,5213,50910,HS1607,2015-01-13,2015-01-14,1,A/H3N2,HS1607,2,2014-2015,7.04982107678967,801111.638363332,N,TRUE,1,TRUE
410,410,5215,50921,MH8129,2014-12-14,2014-12-15,0,A/H3N2,MH8129,2,2014-2015,4.29339961150908,1403.69119541999,N,TRUE,0,TRUE
411,411,5219,50935,HS1392,2014-12-05,2014-12-05,0,A/H3N2,HS1392,1,2014-2015,8.04392808919098,7903146.88245179,N,TRUE,1,TRUE
413,413,5228,50967,HS1402,2014-12-04,2014-12-04,1,A/H3N2,HS1402,1,2014-2015,5.70201678200336,35965.7189592646,N,TRUE,1,TRUE
414,414,5228,50968,HS1401,2014-12-06,2014-12-07,1,A/H3N2,HS1401,2,2014-2015,5.92102567036542,59552.1759622025,N,TRUE,1,TRUE
416,416,5228,50969,HS1351,2014-12-01,2014-12-01,0,A/H3N2,HS1351,1,2014-2015,7.77516889786255,4256384.59000529,N,TRUE,1,TRUE
423,423,5234,50992,MH8924,2015-01-05,2015-01-09,1,A/H3N2,MH8924,5,2014-2015,5.06400708049577,8277.11605979195,N,TRUE,0,TRUE
424,424,5234,50993,HS1595,2015-01-04,2015-01-06,1,A/H3N2,HS1595,3,2014-2015,7.83101479947897,4840461.42881588,N,TRUE,1,TRUE
426,426,5238,51000,HS1487,2014-12-16,2014-12-16,1,A/H3N2,HS1487,1,2014-2015,5.3969238425828,17815.4093987506,N,TRUE,1,TRUE
429,429,5244,51041,MH8088,2014-12-11,2014-12-15,0,A/H3N2,MH8088,5,2014-2015,6.36427588279199,165252.427224562,N,TRUE,0,TRUE
430,430,5244,51043,MH8089,2014-12-12,2014-12-15,0,A/H3N2,MH8089,4,2014-2015,4.96022730049901,6517.77350981211,N,TRUE,0,TRUE
431,431,5245,51046,HS1421,2014-12-08,2014-12-09,1,A/H3N2,HS1421,2,2014-2015,4.40453476556855,1813.03726188786,N,TRUE,1,TRUE
433,433,5249,51054,HS1473,2014-12-15,2014-12-15,1,A/H3N2,HS1473,1,2014-2015,7.06920300207406,837673.865983232,N,TRUE,1,TRUE
435,435,5249,51055,HS1474,2014-12-15,2014-12-15,1,A/H3N2,HS1474,1,2014-2015,6.73536233148681,388359.824187841,N,TRUE,1,TRUE
437,437,5250,51057,HS1518,2014-12-22,2014-12-22,1,A/H3N2,HS1518,1,2014-2015,4.33785142725352,1554.9749301629,N,TRUE,1,TRUE
439,439,5250,51058,HS1519,2014-12-20,2014-12-20,1,A/H3N2,HS1519,1,2014-2015,5.94804024157464,63374.1585294298,N,TRUE,1,TRUE
441,441,5250,51059,HS1520,2014-12-22,2014-12-22,1,A/H3N2,HS1520,1,2014-2015,8.57182114909392,26649748.4124855,N,TRUE,1,TRUE
443,443,5254,51073,HS1505,2014-12-20,2014-12-20,1,A/H3N2,HS1505,1,2014-2015,7.80149151725264,4522342.82269474,N,TRUE,1,TRUE
445,445,5254,51074,MH8392,2014-12-17,2014-12-22,1,A/H3N2,MH8392,6,2014-2015,5.95207856983419,63966.1974272536,N,TRUE,0,TRUE
446,446,5258,51096,HS1457,2014-12-13,2014-12-13,1,A/H3N2,HS1457,1,2014-2015,6.0911846798207,88116.3793907736,N,TRUE,1,TRUE
448,448,5261,51097,MH8354,2014-12-18,2014-12-19,1,A/H3N2,MH8354,2,2014-2015,6.80101136016618,451734.567188031,N,TRUE,0,TRUE
453,453,5261,51101,HS1510,2014-12-21,2014-12-22,0,A/H3N2,HS1510,2,2014-2015,6.62423482017121,300681.552869375,N,TRUE,1,TRUE
454,454,5263,51105,HS1364,2014-12-01,2014-12-01,1,A/H3N2,HS1364,1,2014-2015,4.23054939471301,1214.56666984432,N,TRUE,1,TRUE
456,456,5263,51106,HS1405,2014-12-06,2014-12-08,1,A/H3N2,HS1405,3,2014-2015,6.27197722676352,133613.14638495,N,TRUE,1,TRUE
459,459,5269,51132,HS1425,2014-12-06,2014-12-08,1,A/H3N2,HS1425,3,2014-2015,5.37419656482066,16907.0769443318,N,TRUE,1,TRUE
461,461,5270,51137,HS1536,2014-12-27,2014-12-27,1,A/H3N2,HS1536,1,2014-2015,5.74941037216003,40112.7407321872,N,TRUE,1,TRUE
463,463,5270,51138,HS1535,2014-12-26,2014-12-26,0,A/H3N2,HS1535,1,2014-2015,5.4775364831255,21449.0690559765,N,TRUE,1,TRUE
465,465,5275,51162,MH8393,2014-12-22,2014-12-22,1,A/H3N2,MH8393,1,2014-2015,6.96827895613004,663973.765968094,N,TRUE,0,TRUE
468,468,5289,51216,MH8309,2014-12-17,2014-12-18,1,A/H3N2,MH8309,2,2014-2015,4.49171220231727,2216.07353162953,N,TRUE,0,TRUE
474,474,5301,51267,MH8447,2014-12-22,2014-12-23,0,A/H3N2,MH8447,2,2014-2015,4.30749731076676,1450.00424974394,N,TRUE,0,TRUE
475,475,5302,51273,MH8052,2014-12-13,2014-12-13,1,A/H3N2,MH8052,1,2014-2015,4.40648400664848,1821.1929941295,N,TRUE,0,TRUE
476,476,5305,51288,MH8396,2014-12-21,2014-12-22,1,A/H3N2,MH8396,2,2014-2015,5.8436004804325,49827.884002319,N,TRUE,0,TRUE
479,479,5313,51322,HS1573,2015-01-01,2015-01-02,1,A/H3N2,HS1573,2,2014-2015,5.22463670957486,11981.4305272548,N,TRUE,1,TRUE
483,483,5317,51335,MH8090,2014-12-13,2014-12-15,0,A/H3N2,MH8090,3,2014-2015,5.16852059629809,10529.131764907,N,TRUE,0,TRUE
485,485,5317,51336,HS1445,2014-12-15,2014-12-15,0,A/H3N2,HS1445,1,2014-2015,6.3212616235257,149669.596506264,N,TRUE,1,TRUE
486,486,5322,51359,HS1387,2014-12-02,2014-12-07,0,A/H3N2,HS1387,6,2014-2015,7.00103213926922,715985.296300135,N,TRUE,1,TRUE
489,489,5336,51416,HS1367,2014-11-25,2014-11-25,1,A/H3N2,HS1367,1,2014-2015,7.04655499017185,795109.522037604,N,TRUE,1,TRUE
490,490,5341,51438,HS1390,2014-12-07,2014-12-07,1,A/H3N2,HS1390,1,2014-2015,6.52298457887635,238153.266798938,N,TRUE,1,TRUE
492,492,5341,51439,HS1391,2014-12-06,2014-12-06,1,A/H3N2,HS1391,1,2014-2015,7.82821767226067,4809386.01942255,Y,TRUE,1,TRUE
218,218,4016,UM40062,MH5817,2014-01-10,2014-01-13,0,A/H1N1,1408,4,2013-2014,4.76500538060802,4157.93164051067,N,TRUE,0,TRUE
212,212,4017,UM40066,MH5679,2013-12-29,2014-01-02,0,A/H1N1,1402,5,2013-2014,4.3301403070191,1527.60922145889,N,TRUE,0,TRUE
213,213,4024,UM40093,MH5680,2014-01-01,2014-01-03,1,A/H1N1,1403,3,2013-2014,5.07196854764272,8430.25112775548,N,TRUE,0,TRUE
215,215,4024,UM40095,MH5709,2014-01-04,2014-01-07,0,A/H1N1,1405,4,2013-2014,5.46466696886924,20822.7906689391,N,TRUE,0,TRUE
182,182,4062,UM40245,MH5229,2013-11-19,2013-11-19,1,A/H1N1,1348,1,2013-2014,5.30190410967241,14314.4964109958,N,TRUE,0,TRUE
211,211,4073,UM40292,MH5677,2013-12-31,2014-01-02,1,A/H1N1,1401,3,2013-2014,6.10423266973097,90803.9276648357,N,TRUE,0,TRUE
224,224,4075,UM40300,MH6260,2014-02-12,2014-02-13,1,A/H1N1,1414,2,2013-2014,4.80937602781679,4605.19465723007,N,TRUE,0,TRUE
197,197,4092,UM40366,MH5548,2013-12-25,2013-12-27,0,A/H1N1,1363,3,2013-2014,4.41935974911836,1875.99515939424,N,TRUE,0,TRUE
198,198,4092,UM40367,MH5549,2013-12-24,2013-12-27,0,A/H1N1,1364,4,2013-2014,4.75381165280815,4052.13230674144,N,TRUE,0,TRUE
223,223,4110,UM40439,MH6042,2014-01-27,2014-01-28,1,A/H1N1,1413,2,2013-2014,4.73605441124447,3889.79197113413,N,TRUE,0,TRUE
183,183,4113,UM40449,MH5245,2013-11-19,2013-11-20,1,A/H1N1,1349,2,2013-2014,6.26911502571929,132735.469418344,N,TRUE,0,TRUE
204,204,4115,UM40457,MH5645,2013-12-29,2013-12-30,0,A/H1N1,1370,2,2013-2014,6.23785113126879,123515.964951814,N,TRUE,0,TRUE
205,205,4115,UM40460,MH5646,2013-12-27,2013-12-30,0,A/H1N1,1371,4,2013-2014,4.87921050336515,5408.57015920858,N,TRUE,0,TRUE
225,225,4133,UM40530,MH6262,2014-02-13,2014-02-14,0,A/H1N1,1415,2,2013-2014,4.73248924968733,3857.99103403265,N,TRUE,0,TRUE
191,191,4156,UM40621,MH5499,2013-12-17,2013-12-20,0,A/H1N1,1357,4,2013-2014,5.59618486900962,28187.5177908308,N,TRUE,0,TRUE
208,208,4175,UM40699,MH5651,2013-12-26,2013-12-30,0,A/H1N1,1374,5,2013-2014,5.74473776145595,39683.4777740364,N,TRUE,0,TRUE
187,187,4185,UM40738,MH5405,2013-12-14,2013-12-16,0,A/H1N1,1353,3,2013-2014,4.33502260193343,1544.87934338975,N,TRUE,0,TRUE
216,216,4024,UM41510,MH5712,2014-01-03,2014-01-07,1,A/H1N1,1406,5,2013-2014,6.09560996918878,89018.8405732259,N,TRUE,0,TRUE
185,185,4113,UM41553,MH5300,2013-11-28,2013-12-02,1,A/H1N1,1351,5,2013-2014,4.34919473255058,1596.1242535549,N,TRUE,0,TRUE
184,184,4113,UM41554,MH5295,2013-11-26,2013-11-27,1,A/H1N1,1350,2,2013-2014,6.0471111343945,79612.8367170207,N,TRUE,0,TRUE
196,196,4140,UM41567,MH5546,2013-12-23,2013-12-27,0,A/H1N1,1362,5,2013-2014,4.16835341171563,1052.50792848656,N,TRUE,0,TRUE
180,180,4141,UM41569,MH5193,2013-11-12,2013-11-12,0,A/H1N1,1346,1,2013-2014,4.70461312406019,3618.13767545962,N,TRUE,0,TRUE
181,181,4141,UM41570,MH5194,2013-11-11,2013-11-12,0,A/H1N1,1347,2,2013-2014,4.59356080416204,2801.77185619479,N,TRUE,0,TRUE
210,210,4157,UM41575,MH5656,2013-12-29,2013-12-30,1,A/H1N1,1376,2,2013-2014,6.46284515393852,207356.244335153,N,TRUE,0,TRUE
220,220,4159,UM41576,MH5848,2014-01-13,2014-01-15,0,A/H1N1,1410,3,2013-2014,5.41792447638038,18698.0553352145,N,TRUE,0,TRUE
221,221,4159,UM41577,MH5849,2014-01-13,2014-01-15,0,A/H1N1,1411,3,2013-2014,4.89596534004382,5621.30700032751,N,TRUE,0,TRUE
