mu,Ne,LL
1e-6,10,-3799.9274813059
1.5e-6,10,-3659.3398693451973
2e-6,10,-3571.637552620971
2.4999999999999998e-6,10,-3512.9111808396533
3e-6,10,-3472.516647459822
3.5e-6,10,-3444.7715501231423
4e-6,10,-3426.2852250516676
4.5e-6,10,-3414.8706245956655
4.9999999999999996e-6,10,-3409.034447981601
5.5e-6,10,-3407.7115845542357
6e-6,10,-3410.1155960046863
6.5e-6,10,-3415.64925241821
7e-6,10,-3423.8483175459537
7.499999999999999e-6,10,-3434.344775364623
8e-6,10,-3446.841949007476
8.5e-6,10,-3461.0971759887943
9e-6,10,-3476.909442920563
1e-6,11,-3772.059564888747
1.5e-6,11,-3633.6339169375638
2e-6,11,-3548.092493502593
2.4999999999999998e-6,11,-3491.5305244351207
3e-6,11,-3453.298424959817
3.5e-6,11,-3427.7158433263
4e-6,11,-3411.3921157610057
4.5e-6,11,-3402.140194619159
4.9999999999999996e-6,11,-3398.466779131862
5.5e-6,11,-3399.3067586490297
6e-6,11,-3403.873694866648
6.5e-6,11,-3411.570357874386
7e-6,11,-3421.932511428536
7.499999999999999e-6,11,-3434.5921395107252
8e-6,11,-3449.2525652589375
8.5e-6,11,-3465.671126192035
9e-6,11,-3483.646808927236
1e-6,12,-3747.5484109283816
1.5e-6,12,-3611.1000237104886
2e-6,12,-3527.5358358262015
2.4999999999999998e-6,12,-3472.951260489759
3e-6,12,-3436.696634350271
3.5e-6,12,-3413.091605661749
4e-6,12,-3398.745510655721
4.5e-6,12,-3391.4713016926394
4.9999999999999996e-6,12,-3389.7756780087025
5.5e-6,12,-3392.5935289584154
6e-6,12,-3399.138416242918
6.5e-6,12,-3408.8131099572834
7e-6,12,-3421.153373862355
7.499999999999999e-6,12,-3435.791191944708
8e-6,12,-3452.429887347895
8.5e-6,12,-3470.826797595519
9e-6,12,-3490.7809093097426
1e-6,13,-3725.8366690473717
1.5e-6,13,-3591.2007787480406
2e-6,13,-3509.4490602037677
2.4999999999999998e-6,13,-3456.6771099932303
3e-6,13,-3422.235186188935
3.5e-6,13,-3400.44293705017
4e-6,13,-3387.9096988135816
4.5e-6,13,-3382.4484238446275
4.9999999999999996e-6,13,-3382.5658113849277
5.5e-6,13,-3387.196750794031
6e-6,13,-3395.5548037782437
6.5e-6,13,-3407.042740437526
7e-6,13,-3421.1963245382676
7.499999999999999e-6,13,-3437.6475400721442
8e-6,13,-3456.0997101876396
8.5e-6,13,-3476.3101724137778
9e-6,13,-3498.077913377445
1e-6,14,-3706.494434779434
1.5e-6,14,-3573.5234432922725
2e-6,14,-3493.4365934554185
2.4999999999999998e-6,14,-3442.3296652129657
3e-6,14,-3409.5528380606247
3.5e-6,14,-3389.42576026279
4e-6,14,-3378.5577680616066
4.5e-6,14,-3374.7618138277207
4.9999999999999996e-6,14,-3376.5445968079493
5.5e-6,14,-3382.8410063670394
6e-6,14,-3392.8646042167197
6.5e-6,14,-3406.018160462158
7e-6,14,-3421.8374388748225
7.499999999999999e-6,14,-3439.954423452021
8e-6,14,-3460.0724373470925
8.5e-6,14,-3481.9488180944963
9e-6,14,-3505.3825523265077
1e-6,15,-3689.183137504948
1.5e-6,15,-3557.7429906449584
2e-6,15,-3479.1893100928073
2.4999999999999998e-6,15,-3429.6145231141254
3e-6,15,-3398.3699093090645
3.5e-6,15,-3379.7751169476282
4e-6,15,-3370.439482277123
4.5e-6,15,-3368.1759576736135
4.9999999999999996e-6,15,-3371.491242388931
5.5e-6,15,-3379.3202257935336
6e-6,15,-3390.876469604424
6.5e-6,15,-3405.562743931917
7e-6,15,-3422.91481255294
7.499999999999999e-6,15,-3442.564659469936
8e-6,15,-3464.2156078417333
8.5e-6,15,-3487.6249952081016
9e-6,15,-3512.5918082065327
1e-6,16,-3673.631550695581
1.5e-6,16,-3543.603198190515
2e-6,16,-3466.461433818663
2.4999999999999998e-6,16,-3418.298632465254
3e-6,16,-3388.466073735609
3.5e-6,16,-3371.2834059050374
4e-6,16,-3363.3599652262683
4.5e-6,16,-3362.5087040804437
4.9999999999999996e-6,16,-3367.2363217254792
5.5e-6,16,-3376.477707536448
6e-6,16,-3389.4464232361565
6.5e-6,16,-3405.5452389400457
7e-6,16,-3424.3099184306175
7.499999999999999e-6,16,-3445.3724457156513
8e-6,16,-3468.4361439590675
8.5e-6,16,-3493.2583507063346
9e-6,16,-3519.638052600447
1e-6,17,-3659.618804591623
1.5e-6,17,-3530.893526801657
2e-6,17,-3455.054600094823
2.4999999999999998e-6,17,-3408.194703215322
3e-6,17,-3379.665115773551
3.5e-6,17,-3363.7854860503853
4e-6,17,-3357.165150303902
4.5e-6,17,-3357.6170609204796
4.9999999999999996e-6,17,-3363.6479171635056
5.5e-6,17,-3374.192608413572
6e-6,17,-3388.46469639855
6.5e-6,17,-3405.866951239765
7e-6,17,-3425.9351367243603
7.499999999999999e-6,17,-3448.3012368661334
8e-6,17,-3472.668574834233
8.5e-6,17,-3498.794488179485
9e-6,17,-3526.4779635500004
1e-6,18,-3646.963972279533
1.5e-6,18,-3519.442055560305
2e-6,18,-3444.806585542402
2.4999999999999998e-6,18,-3399.1502095445817
3e-6,18,-3371.8242071828367
3.5e-6,18,-3357.148226743445
4e-6,18,-3351.7316044895597
4.5e-6,18,-3353.3872928134992
4.9999999999999996e-6,18,-3360.6219909831457
5.5e-6,18,-3372.370588385385
6e-6,18,-3387.8466467529047
6.5e-6,18,-3406.4529362124517
7e-6,18,-3427.7252205569876
7.499999999999999e-6,18,-3451.295483804829
8e-6,18,-3476.867049131363
8.5e-6,18,-3504.197254092154
9e-6,18,-3533.085085341083
1e-6,19,-3635.5154147491894
1.5e-6,19,-3509.1060198916052
2e-6,19,-3435.5831647747227
2.4999999999999998e-6,19,-3391.039465291915
3e-6,19,-3364.8262010647454
3.5e-6,19,-3351.2630203845665
4e-6,19,-3346.959259520228
4.5e-6,19,-3349.7278708691683
4.9999999999999996e-6,19,-3358.075553704803
5.5e-6,19,-3370.937197418936
6e-6,19,-3387.526363749992
6.5e-6,19,-3407.245822829966
7e-6,19,-3429.6313384571667
7.499999999999999e-6,19,-3454.314894655299
8e-6,19,-3480.999814604954
8.5e-6,19,-3509.443435867156
9e-6,19,-3539.444745101125
1e-6,20,-3625.145794213119
1.5e-6,20,-3499.765639334801
2e-6,20,-3427.2721147069674
2.4999999999999998e-6,20,-3383.757804797804
3e-6,20,-3358.573989234019
3.5e-6,20,-3346.04031631265
4e-6,20,-3342.766122307262
4.5e-6,20,-3346.564359620879
4.9999999999999996e-6,20,-3355.941727532358
5.5e-6,20,-3369.8331154385396
6e-6,20,-3387.4520850833665
6.5e-6,20,-3408.201406603883
7e-6,20,-3431.616843804066
7.499999999999999e-6,20,-3457.3303807127895
8e-6,20,-3485.045340515777
8.5e-6,20,-3514.51906077956
9e-6,20,-3545.5505281685846
1e-6,21,-3615.746961736313
1.5e-6,21,-3491.3194844253817
2e-6,21,-3419.7787254032305
2.4999999999999998e-6,21,-3377.21723771271
3e-6,21,-3352.986300985666
3.5e-6,21,-3341.405563524173
4e-6,21,-3339.0843616074053
4.5e-6,21,-3343.835647643522
4.9999999999999996e-6,21,-3354.166120916371
5.5e-6,21,-3369.0106708285552
6e-6,21,-3387.582859128707
6.5e-6,21,-3409.2854559595157
7e-6,21,-3433.65422513006
7.499999999999999e-6,21,-3460.3211506742637
8e-6,21,-3488.989555783384
8.5e-6,21,-3519.416778029146
9e-6,21,-3551.4018040814494
1e-6,22,-3607.2256169839616
1.5e-6,22,-3483.6809463242944
2e-6,22,-3413.0223881316906
2.4999999999999998e-6,22,-3371.343155475614
3e-6,22,-3347.9945279936246
3.5e-6,22,-3337.2961539923945
4e-6,22,-3335.857369756884
4.5e-6,22,-3341.491127699763
4.9999999999999996e-6,22,-3352.7041271108083
5.5e-6,22,-3368.4312573969646
6e-6,22,-3387.886080312844
6.5e-6,22,-3410.4713660058196
7e-6,22,-3435.7228782901625
7.499999999999999e-6,22,-3463.2726012053795
8e-6,22,-3492.823857947515
8.5e-6,22,-3524.133986093766
9e-6,22,-3557.0019723185937
1e-6,23,-3599.503217757841
1.5e-6,23,-3476.775510157441
2e-6,23,-3406.933966884536
2.4999999999999998e-6,23,-3366.0718010139717
3e-6,23,-3343.540292187648
3.5e-6,23,-3333.659088718027
4e-6,23,-3333.037526894598
4.5e-6,23,-3339.488559135704
4.9999999999999996e-6,23,-3351.518884735813
5.5e-6,23,-3368.0633931073085
6e-6,23,-3388.33564600943
6.5e-6,23,-3411.7384135951434
7e-6,23,-3437.8074596836623
7.499999999999999e-6,23,-3466.1747683192916
8e-6,23,-3496.543662703662
8.5e-6,23,-3528.671480418524
9e-6,23,-3562.3572081442
1e-6,24,-3592.5097117783353
1.5e-6,24,-3470.538623197205
2e-6,24,-3401.4537485347223
2.4999999999999998e-6,24,-3361.3483008709236
3e-6,24,-3339.573559852791
3.5e-6,24,-3330.449173797645
4e-6,24,-3330.584479000024
4.5e-6,24,-3337.7924278833025
4.9999999999999996e-6,24,-3350.5797197469765
5.5e-6,24,-3367.8812440083198
6e-6,24,-3388.910562431769
6.5e-6,24,-3413.0704451753345
7e-6,24,-3439.8966560628683
7.499999999999999e-6,24,-3469.0211791442325
8e-6,24,-3500.1473376257495
8.5e-6,24,-3533.032469094202
9e-6,24,-3567.4755602348296
1e-6,25,-3586.184453937838
1.5e-6,25,-3464.914009482609
2e-6,25,-3396.5298263400346
2.4999999999999998e-6,25,-3357.1251175948387
3e-6,25,-3336.0511628991844
3.5e-6,25,-3327.627610575382
4e-6,25,-3328.463796922894
4.5e-6,25,-3336.3726743699413
4.9999999999999996e-6,25,-3349.860942220681
5.5e-6,25,-3367.8634898978517
6e-6,25,-3389.593879170399
6.5e-6,25,-3414.454880201132
7e-6,25,-3441.982256819184
7.499999999999999e-6,25,-3471.807993079379
8e-6,25,-3503.63541219263
8.5e-6,25,-3537.221851750847
9e-6,25,-3572.36629844428
1e-6,26,-3580.474142006761
1.5e-6,26,-3459.852323777613
2e-6,26,-3392.1168121300916
2.4999999999999998e-6,26,-3353.3608201536335
3e-6,26,-3332.9356275054333
3.5e-6,26,-3325.1608825123917
4e-6,26,-3326.645921478956
4.5e-6,26,-3335.203696837911
4.9999999999999996e-6,26,-3349.340907898554
5.5e-6,26,-3367.992444088116
6e-6,26,-3390.371867180827
6.5e-6,26,-3415.8819473440044
7e-6,26,-3444.0584484116594
7.499999999999999e-6,26,-3474.533354443121
8e-6,26,-3507.009988654667
8.5e-6,26,-3541.2456886428695
9e-6,26,-3577.0394411026855
1e-6,27,-3575.331682045935
1.5e-6,27,-3455.310066477748
2e-6,27,-3388.17480070662
2.4999999999999998e-6,27,-3350.0190978273795
3e-6,27,-3330.1942375014773
3.5e-6,27,-3323.0198680604203
4e-6,27,-3325.1053258136167
4.5e-6,27,-3334.2635631986395
4.9999999999999996e-6,27,-3349.0012795294115
5.5e-6,27,-3368.2533642379303
6e-6,27,-3391.2333791026376
6.5e-6,27,-3417.344094296373
7e-6,27,-3446.121273657299
7.499999999999999e-6,27,-3477.1969012499426
8e-6,27,-3510.2743002947946
8.5e-6,27,-3545.1108083933236
9e-6,27,-3581.505412245328
1e-6,28,-3570.715263850155
1.5e-6,28,-3451.24870133654
2e-6,28,-3384.6685298538114
2.4999999999999998e-6,28,-3347.0679625009607
3e-6,28,-3327.798278944316
3.5e-6,28,-3321.1791275199794
4e-6,28,-3323.8198445419825
4.5e-6,28,-3333.533382452342
4.9999999999999996e-6,28,-3348.8264405695904
5.5e-6,28,-3368.6339083304606
6e-6,28,-3392.1693475181714
6.5e-6,28,-3418.8355283098263
7e-6,28,-3448.168214548583
7.499999999999999e-6,28,-3479.799390303065
8e-6,28,-3513.4323787986937
8.5e-6,28,-3548.824517641767
9e-6,28,-3585.774793536224
1e-6,29,-3566.5876015797653
1.5e-6,29,-3447.633932396508
2e-6,29,-3381.566693565354
2.4999999999999998e-6,29,-3344.479098189962
3e-6,29,-3325.7224259410364
3.5e-6,29,-3319.6163251593143
4e-6,29,-3322.770132162992
4.5e-6,29,-3332.9967993990217
4.9999999999999996e-6,29,-3348.8030261901067
5.5e-6,29,-3369.123701977627
6e-6,29,-3393.172388549227
6.5e-6,29,-3420.351856086539
7e-6,29,-3450.1978684371325
7.499999999999999e-6,29,-3482.3424096743606
8e-6,29,-3516.4888030280836
8.5e-6,29,-3552.394386108814
9e-6,29,-3589.8581456253937
1e-6,30,-3562.91530549723
1.5e-6,30,-3444.4351070260177
2e-6,30,-3378.841376384461
2.4999999999999998e-6,30,-3342.2273266801444
3e-6,30,-3323.9442375886065
3.5e-6,30,-3318.311757454662
4e-6,30,-3321.9392226010145
4.5e-6,30,-3332.639585478802
4.9999999999999996e-6,30,-3348.919545415398
5.5e-6,30,-3369.713991856452
6e-6,30,-3394.2364865940453
6.5e-6,30,-3421.889799813932
7e-6,30,-3452.2096953684245
7.499999999999999e-6,30,-3484.8281573350437
8e-6,30,-3519.4485089481495
8.5e-6,30,-3555.828087822648
9e-6,30,-3593.7658806716972
1e-6,31,-3559.66835864049
1.5e-6,31,-3441.6247197011553
2e-6,31,-3376.4675842914435
2.4999999999999998e-6,31,-3340.2901655231817
3e-6,31,-3322.443743076142
3.5e-6,31,-3317.247965299533
4e-6,31,-3321.312168520461
4.5e-6,31,-3332.4493051940717
4.9999999999999996e-6,31,-3349.1660746521125
5.5e-6,31,-3370.3973663444663
6e-6,31,-3395.356742067391
6.5e-6,31,-3423.4469720111265
7e-6,31,-3454.2038200320185
7.499999999999999e-6,31,-3487.2592702121983
8e-6,31,-3522.316645789851
8.5e-6,31,-3559.133284384509
9e-6,31,-3597.5081727134743
1e-6,32,-3556.8196781466145
1.5e-6,32,-3439.177996899661
2e-6,32,-3374.4228531698636
2.4999999999999998e-6,32,-3338.6474600731267
3e-6,32,-3321.2030972933608
3.5e-6,32,-3316.409413183719
4e-6,32,-3320.8757440757017
4.5e-6,32,-3332.4150424286854
4.9999999999999996e-6,32,-3349.534007578331
5.5e-6,32,-3371.1675289786704
6e-6,32,-3396.5291684303947
6.5e-6,32,-3425.021696127513
7e-6,32,-3456.180875931014
7.499999999999999e-6,32,-3489.6386919265706
8e-6,32,-3525.098467357194
8.5e-6,32,-3562.3175398459985
9e-6,32,-3601.094896114554
1e-6,33,-3554.3447453623685
1.5e-6,33,-3437.0725477875667
2e-6,33,-3372.6869200674864
2.4999999999999998e-6,33,-3337.2810753221634
3e-6,33,-3320.206293239429
3.5e-6,33,-3315.782222176813
4e-6,33,-3320.6181984694445
4.5e-6,33,-3332.527174580933
4.9999999999999996e-6,33,-3350.015849851089
5.5e-6,33,-3372.0191137376664
6e-6,33,-3397.750528045667
6.5e-6,33,-3426.612862973181
7e-6,33,-3458.1418823848776
7.499999999999999e-6,33,-3491.969570370746
8e-6,33,-3527.799250177667
8.5e-6,33,-3565.388259432865
9e-6,33,-3604.5355848622294
1e-6,34,-3552.221292234889
1.5e-6,34,-3435.2880686337817
2e-6,34,-3371.24144563611
2.4999999999999998e-6,34,-3336.1746363657207
3e-6,34,-3319.438920514629
3.5e-6,34,-3315.353946444017
4e-6,34,-3320.529050493011
4.5e-6,34,-3332.777185129292
4.9999999999999996e-6,34,-3350.6050496962744
5.5e-6,34,-3372.947533656027
6e-6,34,-3399.0181988171785
6.5e-6,34,-3428.2198153816576
7e-6,34,-3460.088147218301
7.499999999999999e-6,34,-3494.255178421121
8e-6,34,-3530.4242322404675
8.5e-6,34,-3568.3526463080416
9e-6,34,-3607.8394073530594
1e-6,35,-3550.429034041703
1.5e-6,35,-3433.806091387029
2e-6,35,-3370.0697785545144
2.4999999999999998e-6,35,-3335.3133086718144
3e-6,35,-3318.887961434421
3.5e-6,35,-3315.11338520747
4e-6,35,-3320.5989163339045
4.5e-6,35,-3333.1575072852293
4.9999999999999996e-6,35,-3351.2958574086156
5.5e-6,35,-3373.9488561697367
6e-6,35,-3400.3300653813217
6.5e-6,35,-3429.842255249126
7e-6,35,-3462.021189645515
7.499999999999999e-6,35,-3496.498852668277
8e-6,35,-3532.9785675718736
8.5e-6,35,-3571.2176719917425
9e-6,35,-3611.0151526608015
1e-6,36,-3548.9494405072805
1.5e-6,36,-3432.609768769884
2e-6,36,-3369.1567545996822
2.4999999999999998e-6,36,-3334.683611127966
3e-6,36,-3318.541618054404
3.5e-6,36,-3315.0504237474747
4e-6,36,-3320.819364553615
4.5e-6,36,-3333.6613929480973
4.9999999999999996e-6,36,-3352.083208281952
5.5e-6,36,-3375.0197000246153
6e-6,36,-3401.684429992233
6.5e-6,36,-3431.4801683943024
7e-6,36,-3463.9426791069577
7.499999999999999e-6,36,-3498.703946231705
8e-6,36,-3535.467293026596
8.5e-6,36,-3573.9900571306875
9e-6,36,-3614.0712252808107
1e-6,37,-3547.7655388977173
1.5e-6,37,-3431.6836897384637
2e-6,37,-3368.4885244726734
2.4999999999999998e-6,37,-3334.2732562356205
3e-6,37,-3318.3891647300193
3.5e-6,37,-3315.1558983282175
4e-6,37,-3321.182793380496
4.5e-6,37,-3334.2828023652005
4.9999999999999996e-6,37,-3352.962624637242
5.5e-6,37,-3376.157149669376
6e-6,37,-3403.0799392814874
6.5e-6,37,-3433.133763686631
7e-6,37,-3465.854386764432
7.499999999999999e-6,37,-3500.873792620095
8e-6,37,-3537.895304515055
8.5e-6,37,-3576.676260092025
9e-6,37,-3617.015646091203
1e-6,38,-3546.8617438931815
1.5e-6,38,-3431.0137203302775
2e-6,38,-3368.052405621581
2.4999999999999998e-6,38,-3334.071012905628
3e-6,38,-3318.420821888353
3.5e-6,38,-3315.4214809460814
4e-6,38,-3321.682326431692
4.5e-6,38,-3335.016310827703
4.9999999999999996e-6,38,-3353.9301334922166
5.5e-6,38,-3377.3586839016853
6e-6,38,-3404.5155238789407
6.5e-6,38,-3434.8034236409976
7e-6,38,-3467.758147070547
7.499999999999999e-6,38,-3503.0116782764676
8e-6,38,-3540.267340523613
8.5e-6,38,-3579.2824714581366
9e-6,38,-3619.8560578237766
1e-6,39,-3546.2237099996155
1.5e-6,39,-3430.5868658438267
2e-6,39,-3367.836754187619
2.4999999999999998e-6,39,-3334.0665881727928
3e-6,39,-3318.6276475087643
3.5e-6,39,-3315.8395805748046
4e-6,39,-3322.311723727695
4.5e-6,39,-3335.857029453131
4.9999999999999996e-6,39,-3354.9821971122296
5.5e-6,39,-3378.62211618486
6e-6,39,-3405.9903484975193
6.5e-6,39,-3436.4896642701583
7e-6,39,-3469.655827389241
7.499999999999999e-6,39,-3505.1208219663886
8e-6,39,-3542.5879712704323
8.5e-6,39,-3581.8146129503884
9e-6,39,-3622.5997337535027
1e-6,40,-3545.8382030208486
1.5e-6,40,-3430.3911510252815
2e-6,40,-3367.830853908516
2.4999999999999998e-6,40,-3334.2505248153534
3e-6,40,-3319.0014434584696
3.5e-6,40,-3316.4032582204713
4e-6,40,-3323.065305461372
4.5e-6,40,-3336.800537669747
4.9999999999999996e-6,40,-3356.1156542104013
5.5e-6,40,-3379.945544566107
6e-6,40,-3407.503770566797
6.5e-6,40,-3438.19310243539
7e-6,40,-3471.549304061588
7.499999999999999e-6,40,-3507.2043595608366
8e-6,40,-3544.861592204165
8.5e-6,40,-3584.278339644627
9e-6,40,-3625.253588632478
1e-6,41,-3545.692987719851
1.5e-6,41,-3430.4155155289645
2e-6,41,-3368.02481937656
2.4999999999999998e-6,41,-3334.6141124107967
3e-6,41,-3319.5346743476634
3.5e-6,41,-3317.1061535722256
4e-6,41,-3323.937886448175
4.5e-6,41,-3337.842825466755
4.9999999999999996e-6,41,-3357.3276699963462
5.5e-6,41,-3381.3273095225063
6e-6,41,-3409.0553058782584
6.5e-6,41,-3439.91442928993
7e-6,41,-3473.4404436500417
7.499999999999999e-6,41,-3509.265333077075
8e-6,41,-3547.092420845749
8.5e-6,41,-3586.679044611452
9e-6,41,-3627.8241911281125
1e-6,42,-3545.776729290909
1.5e-6,42,-3430.649722382855
2e-6,42,-3368.4095114991214
2.4999999999999998e-6,42,-3335.1493097909956
3e-6,42,-3320.2203969771367
3.5e-6,42,-3317.9424214461187
4e-6,42,-3324.924719564026
4.5e-6,42,-3338.9802438258553
4.9999999999999996e-6,42,-3358.6156936020802
5.5e-6,42,-3382.7659583819304
6e-6,42,-3410.6446000013016
6.5e-6,42,-3441.654388689195
7e-6,42,-3475.3310883414547
7.499999999999999e-6,42,-3511.3066830795506
8e-6,42,-3549.284496180874
8.5e-6,42,-3589.0218653042866
9e-6,42,-3630.3177772063486
1e-6,43,-3546.0789066597363
1.5e-6,43,-3431.084277577004
2e-6,43,-3368.976463373964
2.4999999999999998e-6,43,-3335.8486772048345
3e-6,43,-3321.052198791047
3.5e-6,43,-3318.9066765242087
4e-6,43,-3326.021446773274
4.5e-6,43,-3340.2094620360267
4.9999999999999996e-6,43,-3359.977421685926
5.5e-6,43,-3384.2602152149852
6e-6,43,-3412.271404462057
6.5e-6,43,-3443.4137596591013
7e-6,43,-3477.22304470483
7.499999999999999e-6,43,-3513.331243723395
8e-6,43,-3551.4416799952173
8.5e-6,43,-3591.3116911822594
9e-6,43,-3632.740264043509
1e-6,44,-3546.589735953122
1.5e-6,44,-3431.710359198191
2e-6,44,-3369.7178150897153
2.4999999999999998e-6,44,-3336.7053167844824
3e-6,44,-3322.0241440071577
3.5e-6,44,-3319.993945151686
4e-6,44,-3327.224056590059
4.5e-6,44,-3341.527430822695
4.9999999999999996e-6,44,-3361.4107672260284
5.5e-6,44,-3385.808955294767
6e-6,44,-3413.935556870319
6.5e-6,44,-3445.1933421876993
7e-6,44,-3479.118075148331
7.499999999999999e-6,44,-3515.3417398791025
8e-6,44,-3553.567659663377
8.5e-6,44,-3593.553172165547
9e-6,44,-3635.0972641477524
1e-6,45,-3547.3001027439823
1.5e-6,45,-3432.5197547903463
2e-6,45,-3370.6262562016004
2.4999999999999998e-6,45,-3337.712820137105
3e-6,45,-3323.130726324164
3.5e-6,45,-3321.199623159531
4e-6,45,-3328.528847017772
4.5e-6,45,-3342.9313504019874
4.9999999999999996e-6,45,-3362.913832691199
5.5e-6,45,-3387.411183382844
6e-6,45,-3415.636964321173
6.5e-6,45,-3446.9939457435694
7e-6,45,-3481.0178915543192
7.499999999999999e-6,45,-3517.3407858829983
8e-6,45,-3555.6659520155995
8.5e-6,45,-3595.7507276192273
9e-6,45,-3637.394099458705
1e-6,46,-3548.2015018934003
1.5e-6,46,-3433.504805825642
2e-6,46,-3371.694974831485
2.4999999999999998e-6,46,-3338.865222072492
3e-6,46,-3324.3668272789614
3.5e-6,46,-3322.519438850167
4e-6,46,-3329.932393162887
4.5e-6,46,-3344.4186427230616
4.9999999999999996e-6,46,-3364.484886912223
5.5e-6,46,-3389.0660152305113
6e-6,46,-3417.375589524645
6.5e-6,46,-3448.8163800345137
7e-6,46,-3482.924150667036
7.499999999999999e-6,46,-3519.330885554398
8e-6,46,-3557.739907985197
8.5e-6,46,-3597.9085556289538
9e-6,46,-3639.6358152531543
1e-6,47,-3549.285983994746
1.5e-6,47,-3434.6583583440283
2e-6,47,-3372.9176125025515
2.4999999999999998e-6,47,-3340.1569596352333
3e-6,47,-3325.7276794740237
3.5e-6,47,-3323.9494204211087
4e-6,47,-3331.4315188557657
4.5e-6,47,-3345.986927286035
4.9999999999999996e-6,47,-3366.122345096378
5.5e-6,47,-3390.7726617889393
6e-6,47,-3419.1514392131517
6.5e-6,47,-3450.661447611509
7e-6,47,-3484.8384508931053
7.499999999999999e-6,47,-3521.314433192637
8e-6,47,-3559.7927178014847
8.5e-6,47,-3600.0306423912652
9e-6,47,-3641.827193732052
1e-6,48,-3550.5461075692747
1.5e-6,48,-3435.9737189598845
2e-6,48,-3374.288223959127
2.4999999999999998e-6,48,-3341.582835734047
3e-6,48,-3327.208834018843
3.5e-6,48,-3325.485867218523
4e-6,48,-3333.023271714309
4.5e-6,48,-3347.6340000168043
4.9999999999999996e-6,48,-3367.8247515127728
5.5e-6,48,-3392.530415706939
6e-6,48,-3420.964554450847
6.5e-6,48,-3452.529937989329
7e-6,48,-3486.7623302340385
7.499999999999999e-6,48,-3523.2937153220096
8e-6,48,-3561.8274165467324
8.5e-6,48,-3602.120771582524
9e-6,48,-3643.9727672018043
1e-6,49,-3551.9748962915305
1.5e-6,49,-3437.44461555569
2e-6,49,-3375.8012413253787
2.4999999999999998e-6,49,-3343.137986769768
3e-6,49,-3328.8061316257986
3.5e-6,49,-3327.1253242997877
4e-6,49,-3334.704901175991
4.5e-6,49,-3349.3578147671615
4.9999999999999996e-6,49,-3369.590764462013
5.5e-6,49,-3394.338639767747
6e-6,49,-3422.8150025381306
6.5e-6,49,-3454.422623020411
7e-6,49,-3488.697265128354
7.499999999999999e-6,49,-3525.27091300135
8e-6,49,-3563.8468899350796
8.5e-6,49,-3604.1825336061947
9e-6,49,-3646.076830789318
1e-6,50,-3553.565800621095
1.5e-6,50,-3439.0651620745075
2e-6,50,-3377.4514420611845
2.4999999999999998e-6,50,-3344.8178537518725
3e-6,50,-3330.5156768859943
3.5e-6,50,-3328.8645598719286
4e-6,50,-3336.4738390962607
4.5e-6,50,-3351.1564670738476
4.9999999999999996e-6,50,-3371.419143195487
5.5e-6,50,-3396.196756970751
6e-6,50,-3424.7028702553316
6.5e-6,50,-3456.3402532989353
7e-6,50,-3490.644670017203
7.499999999999999e-6,50,-3527.2481045517875
8e-6,50,-3565.8538802005114
8.5e-6,50,-3606.2193346425374
9e-6,50,-3648.143120308945
1e-6,51,-3555.3126633124866
1.5e-6,51,-3440.8298269152974
2e-6,51,-3379.2339202408302
2.4999999999999998e-6,51,-3346.6181564626036
3e-6,51,-3332.3338153215927
3.5e-6,51,-3330.70054522863
4e-6,51,-3338.327682572182
4.5e-6,51,-3353.028179868981
4.9999999999999996e-6,51,-3373.3087365123124
5.5e-6,51,-3398.104242013529
6e-6,51,-3426.628258230434
6.5e-6,51,-3458.2835554148446
7e-6,51,-3492.6058974846783
7.499999999999999e-6,51,-3529.2272685835082
8e-6,51,-3567.8509920110632
8.5e-6,51,-3608.2344054487507
9e-6,51,-3650.176154643535
1e-6,52,-3557.209688338892
1.5e-6,52,-3442.7334044949407
2e-6,52,-3381.144060756777
2.4999999999999998e-6,52,-3348.534870299323
3e-6,52,-3334.257112865929
3.5e-6,52,-3332.630436869401
4e-6,52,-3340.264178699928
4.5e-6,52,-3354.971290876701
4.9999999999999996e-6,52,-3375.2584727945596
5.5e-6,52,-3400.060613966933
6e-6,52,-3428.5912762538746
6.5e-6,52,-3460.253229908843
7e-6,52,-3494.582238851877
7.499999999999999e-6,52,-3531.2102872285272
8e-6,52,-3569.8406983406007
8.5e-6,52,-3610.230481474145
9e-6,52,-3652.1792608834753
1e-6,53,-3559.2514128351913
1.5e-6,53,-3444.770989609475
2e-6,53,-3383.177516094265
2.4999999999999998e-6,53,-3350.5642054673194
3e-6,53,-3336.2823374732902
3.5e-6,53,-3334.651560526991
4e-6,53,-3342.2812110205036
4.5e-6,53,-3356.98424147486
4.9999999999999996e-6,53,-3377.267351286832
5.5e-6,53,-3402.0654299717257
6e-6,53,-3430.592039391571
6.5e-6,53,-3462.249949801634
7e-6,53,-3496.574925124002
7.499999999999999e-6,53,-3533.1989495057924
8e-6,53,-3571.8253462511357
8.5e-6,53,-3612.2111183329166
9e-6,53,-3654.1559022656174
1e-6,54,-3561.432681715847
1.5e-6,54,-3446.9379542668175
2e-6,54,-3385.3301853843673
2.4999999999999998e-6,54,-3352.7025882475973
3e-6,54,-3338.4064426033015
3.5e-6,54,-3336.7613968680757
4e-6,54,-3344.3767874357436
4.5e-6,54,-3359.06556682915
4.9999999999999996e-6,54,-3379.3344344467982
5.5e-6,54,-3404.118279806148
6e-6,54,-3432.630664770486
6.5e-6,54,-3464.2743595971533
7e-6,54,-3498.5851282100525
7.499999999999999e-6,54,-3535.1949547582603
8e-6,54,-3573.806841584176
8.5e-6,54,-3614.178748237834
9e-6,54,-3656.1093606033473
1e-6,55,-3563.7486246662493
1.5e-6,55,-3449.2299267156463
2e-6,55,-3387.5981954653585
2.4999999999999998e-6,55,-3354.946644096444
3e-6,55,-3340.6265523571083
3.5e-6,55,-3338.9575686657918
4e-6,55,-3346.5490294179517
4.5e-6,55,-3361.213887138317
4.9999999999999996e-6,55,-3381.4588412271064
5.5e-6,55,-3406.2187812032694
6e-6,55,-3434.7072689319316
6.5e-6,55,-3466.3270746725793
7e-6,55,-3500.6139623499867
7.499999999999999e-6,55,-3537.1999161155845
8e-6,55,-3575.7879323700536
8.5e-6,55,-3616.135982180124
9e-6,55,-3658.0427458598715
1e-6,56,-3566.1946352481937
1.5e-6,56,-3451.6427724225678
2e-6,56,-3389.9778837352555
2.4999999999999998e-6,56,-3357.293182368599
3e-6,56,-3342.939948072926
3.5e-6,56,-3341.2378292680655
4e-6,56,-3348.7961623511937
4.5e-6,56,-3363.4278998484106
4.9999999999999996e-6,56,-3383.6397411619296
5.5e-6,56,-3408.366575811916
6e-6,56,-3436.821965665831
6.5e-6,56,-3468.408680983849
7e-6,56,-3502.6624856933354
7.499999999999999e-6,56,-3539.2150519027105
8e-6,56,-3577.7703062033547
8.5e-6,56,-3618.085295046449
9e-6,56,-3659.9590052199105
1e-6,57,-3568.766351890359
1.5e-6,57,-3454.1725767871935
2e-6,57,-3392.4657825898457
2.4999999999999998e-6,57,-3359.7391824819993
3e-6,57,-3345.344056215441
3.5e-6,57,-3343.6000522115764
4e-6,57,-3351.1165068692176
4.5e-6,57,-3365.7063727160826
4.9999999999999996e-6,57,-3385.8763491557806
5.5e-6,57,-3410.5613257100176
6e-6,57,-3438.9748642477803
6.5e-6,57,-3470.5197350310896
7e-6,57,-3504.7317019884226
7.499999999999999e-6,57,-3541.24243165843
8e-6,57,-3579.755861405699
8.5e-6,57,-3620.0290324830025
9e-6,57,-3661.8609316798193
1e-6,58,-3571.459640562418
1.5e-6,58,-3456.815629407779
2e-6,58,-3395.058605279557
2.4999999999999998e-6,58,-3362.28178136332
3e-6,58,-3347.836437412302
3.5e-6,58,-3346.0422218492836
4e-6,58,-3353.508471074589
4.5e-6,58,-3368.0481376173034
4.9999999999999996e-6,58,-3388.1679208825763
5.5e-6,58,-3412.8027103938225
6e-6,58,-3441.166068021037
6.5e-6,58,-3472.660764028091
7e-6,58,-3506.822562344765
7.499999999999999e-6,58,-3543.2831239396005
8e-6,58,-3581.7463969504515
8.5e-6,58,-3621.9694174313413
9e-6,58,-3663.7511721731294
1e-6,59,-3574.2705789603015
1.5e-6,59,-3459.56840973285
2e-6,59,-3397.753233029925
2.4999999999999998e-6,59,-3364.918262038288
3e-6,59,-3350.4147765125235
3.5e-6,59,-3348.562424876886
4e-6,59,-3355.970543533131
4.5e-6,59,-3370.4520850117487
4.9999999999999996e-6,59,-3390.513748719184
5.5e-6,59,-3415.0904241803287
6e-6,59,-3443.3956732665292
6.5e-6,59,-3474.8322662428404
7e-6,59,-3508.9356602017847
7.499999999999999e-6,59,-3545.3384310586516
8e-6,59,-3583.7436172073467
8.5e-6,59,-3623.908556342026
9e-6,59,-3665.632235255258
1e-6,60,-3577.1954420430943
1.5e-6,60,-3462.4275739576683
2e-6,60,-3400.546703294271
2.4999999999999998e-6,60,-3367.646043241002
3e-6,60,-3353.076873553829
3.5e-6,60,-3351.1588426582466
4e-6,60,-3358.501286957346
4.5e-6,60,-3372.9171589829875
4.9999999999999996e-6,60,-3392.9131581428032
5.5e-6,60,-3417.424173962893
6e-6,60,-3445.6637683163253
6.5e-6,60,-3477.034711469225
7e-6,60,-3511.0724553151886
7.499999999999999e-6,60,-3547.4095857996895
8e-6,60,-3585.749136489276
8.5e-6,60,-3625.8484450797687
9e-6,60,-3667.5060426620903
1e-6,61,-3580.2306887891277
1.5e-6,61,-3465.3899430353513
2e-6,61,-3403.4361990226316
2.4999999999999998e-6,61,-3370.4626699399137
3e-6,61,-3355.8206355447014
3.5e-6,61,-3353.82974426355
4e-6,61,-3361.0993325007958
4.5e-6,61,-3375.442352789525
4.9999999999999996e-6,61,-3395.3655045388364
5.5e-6,61,-3419.8036772759688
6e-6,61,-3447.970432875042
6.5e-6,61,-3479.2685416034815
7e-6,61,-3513.2334501560263
7.499999999999999e-6,61,-3549.4977545082907
8e-6,61,-3587.7644833994236
8.5e-6,61,-3627.7909745263078
9e-6,61,-3669.3757513870028
1e-6,62,-3583.372950048252
1.5e-6,62,-3468.4524916938194
2e-6,62,-3406.419038841531
2.4999999999999998e-6,62,-3373.365804681461
3e-6,62,-3358.6440689721853
3.5e-6,62,-3356.573480141349
4e-6,62,-3363.7633745945436
4.5e-6,62,-3378.0267048662654
4.9999999999999996e-6,62,-3397.870170366441
5.5e-6,62,-3422.2286606235643
6e-6,62,-3450.31573751295
6.5e-6,62,-3481.533871897432
7e-6,62,-3515.4194034901316
7.499999999999999e-6,62,-3551.604040079253
8e-6,62,-3589.791104982282
8.5e-6,62,-3629.7379358971175
9e-6,62,-3671.2430487288534
1e-6,63,-3586.6190173835153
1.5e-6,63,-3471.612338357011
2e-6,63,-3409.492668055573
2.4999999999999998e-6,63,-3376.353219671087
3e-6,63,-3361.5452729627737
3.5e-6,63,-3359.388476359646
4e-6,63,-3366.4921662682646
4.5e-6,63,-3380.669295224058
4.9999999999999996e-6,63,-3400.4265626382653
5.5e-6,63,-3424.6988580405045
6e-6,63,-3452.699743306825
6.5e-6,63,-3483.8316844729366
7e-6,63,-3517.631030538904
7.499999999999999e-6,63,-3553.729484836681
8e-6,63,-3591.83037068468
8.5e-6,63,-3631.6905738896207
9e-6,63,-3673.109958441045
1e-6,64,-3589.9658328075393
1.5e-6,64,-3474.8667358829116
2e-6,64,-3412.6546503885857
2.4999999999999998e-6,64,-3379.4227895171784
3e-6,64,-3364.522433029233
3.5e-6,64,-3362.273229354592
4e-6,64,-3369.284514901041
4.5e-6,64,-3383.3692422045974
4.9999999999999996e-6,64,-3403.0341106780793
5.5e-6,64,-3427.214009851829
6e-6,64,-3455.1225016030166
6.5e-6,64,-3486.1620471395436
7e-6,64,-3519.8690047486143
7.499999999999999e-6,64,-3555.8750733056495
8e-6,64,-3593.8835761305263
8.5e-6,64,-3633.651391858337
9e-6,64,-3674.978398402637
1e-6,65,-3593.4104793281185
1.5e-6,65,-3478.213063042626
2e-6,65,-3415.902660393108
2.4999999999999998e-6,65,-3382.5724845729537
3e-6,65,-3367.573815343886
3.5e-6,65,-3365.2263011365303
4e-6,65,-3372.1392783596707
4.5e-6,65,-3386.125699550411
4.9999999999999996e-6,65,-3405.6922641222814
5.5e-6,65,-3429.773861606778
6e-6,65,-3457.58376413782
6.5e-6,65,-3488.525297328077
7e-6,65,-3522.133959519048
7.499999999999999e-6,65,-3558.0417348742963
8e-6,65,-3595.9519467143914
8.5e-6,65,-3635.6214665034527
9e-6,65,-3676.8501860778993
1e-6,66,-3596.950172229331
1.5e-6,66,-3481.648816667323
2e-6,66,-3419.23447646532
2.4999999999999998e-6,66,-3385.800364817893
3e-6,66,-3370.6977614872267
3.5e-6,66,-3368.246314905412
4e-6,66,-3375.0553614816
4.5e-6,66,-3388.9378537542184
4.9999999999999996e-6,66,-3408.400491137292
5.5e-6,66,-3432.378163163363
6e-6,66,-3460.0841375101577
6.5e-6,66,-3490.921748334045
7e-6,66,-3524.426489891774
7.499999999999999e-6,66,-3560.2303463478365
8e-6,66,-3598.0361954717764
8.5e-6,66,-3637.6022382117862
9e-6,66,-3678.726834139849
1e-6,67,-3600.5822510183143
1.5e-6,67,-3485.1716044026193
2e-6,67,-3422.6479744070152
2.4999999999999998e-6,67,-3389.1045742270553
3e-6,67,-3373.892683625711
3.5e-6,67,-3371.331951035543
4e-6,67,-3378.0317128670417
4.5e-6,67,-3391.8049216591608
4.9999999999999996e-6,67,-3411.1582768269495
5.5e-6,67,-3435.0266679036063
6e-6,67,-3462.6233581103816
6.5e-6,67,-3493.3516901478083
7e-6,67,-3526.7471541873488
7.499999999999999e-6,67,-3562.441734394453
8e-6,67,-3600.1383017894627
8.5e-6,67,-3639.5950703994836
9e-6,67,-3680.610390294768
1e-6,68,-3604.3041719793932
1.5e-6,68,-3488.779138015862
2e-6,68,-3426.141121485319
2.4999999999999998e-6,68,-3392.4833355840624
3e-6,68,-3377.157060075787
3.5e-6,68,-3374.4819433940293
4e-6,68,-3381.0673219499695
4.5e-6,68,-3394.726148283182
4.9999999999999996e-6,68,-3413.965121809469
5.5e-6,68,-3437.7191320629377
6e-6,68,-3465.2014378082586
6.5e-6,68,-3495.8153902898616
7e-6,68,-3529.0964755941936
7.499999999999999e-6,68,-3564.6766778873107
8e-6,68,-3602.2588614404203
8.5e-6,68,-3641.601253359391
9e-6,68,-3682.5021942126864
1e-6,69,-3608.1135012813465
1.5e-6,69,-3492.4692272052157
2e-6,69,-3429.7119709438875
2.4999999999999998e-6,69,-3395.9349456946184
3e-6,69,-3380.489431221613
3.5e-6,69,-3377.69507595902
4e-6,69,-3384.1612163188206
4.5e-6,69,-3397.7008048413786
4.9999999999999996e-6,69,-3416.8205409430034
5.5e-6,69,-3440.4550322185983
6e-6,69,-3467.8183787965963
6.5e-6,69,-3498.3130946447295
7e-6,69,-3531.47494370442
7.499999999999999e-6,69,-3566.9354734629605
8e-6,69,-3604.3988514811726
8.5e-6,69,-3643.6218010256257
9e-6,69,-3684.4035305260927
1e-6,70,-3612.0079085876223
1.5e-6,70,-3496.239773866094
2e-6,70,-3433.3586569259896
2.4999999999999998e-6,70,-3399.4577709650093
3e-6,70,-3383.888395747987
3.5e-6,70,-3380.9701797100347
4e-6,70,-3387.312459263297
4.5e-6,70,-3400.728186949201
4.9999999999999996e-6,70,-3419.724062184577
5.5e-6,70,-3443.2346884792214
6e-6,70,-3470.4741737620484
6.5e-6,70,-3500.84502828765
7e-6,70,-3533.883015997488
7.499999999999999e-6,70,-3569.2196780518216
8e-6,70,-3606.559194246165
8.5e-6,70,-3645.6582789434515
9e-6,70,-3686.3161437859144
1e-6,71,-3615.9851611283557
1.5e-6,71,-3500.0887667760735
2e-6,71,-3437.0793897714675
2.4999999999999998e-6,71,-3403.050243312778
3e-6,71,-3387.35260716549
3.5e-6,71,-3384.3061297651257
4e-6,71,-3390.5201475247886
4.5e-6,71,-3403.807612986116
4.9999999999999996e-6,71,-3422.67522556652
5.5e-6,71,-3446.0575846908223
6e-6,71,-3473.1688060887186
6.5e-6,71,-3503.411396300695
7e-6,71,-3536.3211192691633
7.499999999999999e-6,71,-3571.5295098266806
8e-6,71,-3608.740760003653
8.5e-6,71,-3647.71157525926
9e-6,71,-3688.2410577186947
1e-6,72,-3620.0431181930035
1.5e-6,72,-3504.0142766609765
2e-6,72,-3440.872451657266
2.4999999999999998e-6,72,-3406.7108563803154
3e-6,72,-3390.8807705964286
3.5e-6,72,-3387.701842741719
4e-6,72,-3393.783409229476
4.5e-6,72,-3406.9384226020916
4.9999999999999996e-6,72,-3425.6735822778364
5.5e-6,72,-3448.923483595537
6e-6,72,-3475.9022500859323
6.5e-6,72,-3506.0123845757485
7e-6,72,-3538.7896510079413
7.499999999999999e-6,72,-3573.865577887564
8e-6,72,-3610.944166311545
8.5e-6,72,-3649.7825450017813
9e-6,72,-3690.1797402163515
1e-6,73,-3624.1797260084454
1.5e-6,73,-3508.0144516100568
2e-6,73,-3444.736192549079
2.4999999999999998e-6,73,-3410.4381620240138
3e-6,73,-3394.471639801861
3.5e-6,73,-3391.1562743192762
4e-6,73,-3397.1014019897057
4.5e-6,73,-3410.119975356521
4.9999999999999996e-6,73,-3428.7184226731383
5.5e-6,73,-3451.8321486878112
6e-6,73,-3478.6744712374466
6.5e-6,73,-3508.6481605995104
7e-6,73,-3541.2885495346745
7.499999999999999e-6,73,-3576.228453769443
8e-6,73,-3613.1705902645167
8.5e-6,73,-3651.8725160228487
9e-6,73,-3692.133216443359
1e-6,74,-3628.3930129717837
1.5e-6,74,-3512.0875128120647
2e-6,74,-3448.669026440288
2.4999999999999998e-6,74,-3414.2307670559057
3e-6,74,-3398.124014426108
3.5e-6,74,-3394.6684169875466
4e-6,74,-3400.473311154952
4.5e-6,74,-3413.351649471235
4.9999999999999996e-6,74,-3431.809856476705
5.5e-6,74,-3454.7833439766146
6e-6,74,-3481.4854264657824
6.5e-6,74,-3511.3188742218226
7e-6,74,-3543.819014100171
7.499999999999999e-6,74,-3578.6186732174656
8e-6,74,-3615.4205602294096
8.5e-6,74,-3653.982235143117
9e-6,74,-3694.1026833381457
1e-6,75,-3632.681085207819
1.5e-6,75,-3516.2317505836936
2e-6,75,-3452.669427853319
2.4999999999999998e-6,75,-3418.087330216523
3e-6,75,-3401.8367374408763
3.5e-6,75,-3398.237297963616
4e-6,75,-3403.898348199551
4.5e-6,75,-3416.6328406919993
4.9999999999999996e-6,75,-3434.9471962674916
5.5e-6,75,-3457.7768337885796
6e-6,75,-3484.335064407871
6.5e-6,75,-3514.0246584032616
7e-6,75,-3546.380936724303
7.499999999999999e-6,75,-3581.036737878399
8e-6,75,-3617.6947622157613
8.5e-6,75,-3656.1124602886393
9e-6,75,-3696.089154834504
1e-6,76,-3637.0421224243655
1.5e-6,76,-3520.445520668494
2e-6,76,-3456.73592858009
2.4999999999999998e-6,76,-3422.0065593591316
3e-6,76,-3405.608692773383
3.5e-6,76,-3401.86197726058
4e-6,76,-3407.3757492358163
4.5e-6,76,-3419.9629612427852
4.9999999999999996e-6,76,-3438.1300303937146
5.5e-6,76,-3460.812382609151
6e-6,76,-3487.223325698924
6.5e-6,76,-3516.7652131134682
7e-6,76,-3548.9746103799107
7.499999999999999e-6,76,-3583.4829158690595
8e-6,76,-3619.9936654144763
8.5e-6,76,-3658.2641957399464
9e-6,76,-3698.093628733078
1e-6,77,-3641.4743740434897
1.5e-6,77,-3524.727240783663
2e-6,77,-3460.8671146449115
2.4999999999999998e-6,77,-3425.9872088272177
3e-6,77,-3409.4388030990517
3.5e-6,77,-3405.5415458979987
4e-6,77,-3410.9047736395473
4.5e-6,77,-3423.3414388677124
4.9999999999999996e-6,77,-3441.3579549806104
5.5e-6,77,-3463.889754956452
6e-6,77,-3490.150143262113
6.5e-6,77,-3519.5414678645843
7e-6,77,-3551.600304837296
7.499999999999999e-6,77,-3585.958044844045
8e-6,77,-3622.3182265144405
8.5e-6,77,-3660.438186559594
9e-6,77,-3700.117048645125
1e-6,78,-3645.976155585028
1.5e-6,78,-3529.0753873943227
2e-6,78,-3465.0616234695226
2.4999999999999998e-6,78,-3430.0280770117383
3e-6,78,-3413.326027788904
3.5e-6,78,-3409.275124239275
4e-6,78,-3414.484702778313
4.5e-6,78,-3426.7674551894047
4.9999999999999996e-6,78,-3444.6305734396856
5.5e-6,78,-3467.008715281419
6e-6,78,-3493.1154426000817
6.5e-6,78,-3522.353097878832
7e-6,78,-3554.258267737589
7.499999999999999e-6,78,-3588.4623351329064
8e-6,78,-3624.6688414903997
8.5e-6,78,-3662.6351235084667
9e-6,78,-3702.1603066309117
1e-6,79,-3650.5458452849016
1.5e-6,79,-3533.4884926983714
2e-6,79,-3469.3181412265317
2.4999999999999998e-6,79,-3434.128004070104
3e-6,79,-3417.2693609975177
3.5e-6,79,-3413.061860446973
4e-6,79,-3418.11483883454
4.5e-6,79,-3430.2409846004502
4.9999999999999996e-6,79,-3447.947496026609
5.5e-6,79,-3470.1690278940378
6e-6,79,-3496.11914208827
6.5e-6,79,-3525.2001756086183
7e-6,79,-3556.9487256213774
7.499999999999999e-6,79,-3590.9961673758567
8e-6,79,-3627.045933610762
8.5e-6,79,-3664.8556954607748
9e-6,79,-3704.2242456985277
1e-6,80,-3655.1818809275737
1.5e-6,80,-3537.965141806678
2e-6,80,-3473.635400362959
2.4999999999999998e-6,80,-3438.2858697975657
3e-6,80,-3421.267829879073
3.5e-6,80,-3416.900929045744
4e-6,80,-3421.7945037137524
4.5e-6,80,-3433.7612389806905
4.9999999999999996e-6,80,-3451.3083394425066
5.5e-6,80,-3473.3704569095084
6e-6,80,-3499.1611532669904
6.5e-6,80,-3528.0827600305456
7e-6,80,-3559.671687403308
7.499999999999999e-6,80,-3593.5597216110473
8e-6,80,-3629.450225782292
8.5e-6,80,-3667.1005512488086
9e-6,80,-3706.309662172052
1e-6,81,-3659.882756879172
1.5e-6,81,-3542.5039700998796
2e-6,81,-3478.0121772855914
2.4999999999999998e-6,81,-3442.500591637199
3e-6,81,-3425.3204929234867
3.5e-6,81,-3420.791529582924
4e-6,81,-3425.523038031366
4.5e-6,81,-3437.327700024
4.9999999999999996e-6,81,-3454.7127264714736
5.5e-6,81,-3476.612766211884
6e-6,81,-3502.2409710649613
6.5e-6,81,-3531.0008972614073
7e-6,81,-3562.4277328822977
7.499999999999999e-6,81,-3596.1536717459835
8e-6,81,-3631.8820366426785
8.5e-6,81,-3669.370301582857
9e-6,81,-3708.417307936409
1e-6,82,-3664.6470213044013
1.5e-6,82,-3547.103660753739
2e-6,82,-3482.447290190753
2.4999999999999998e-6,82,-3446.77112281662
3e-6,82,-3429.4264384001094
3.5e-6,82,-3424.7328853796535
4e-6,82,-3429.299800171397
4.5e-6,82,-3440.939861187373
4.9999999999999996e-6,82,-3458.160285652569
5.5e-6,82,-3479.8957194340437
6e-6,82,-3505.3593092893243
6.5e-6,82,-3533.9546211513475
7e-6,82,-3565.216835992562
7.499999999999999e-6,82,-3598.778150218966
8e-6,82,-3634.341886614179
8.5e-6,82,-3671.665520872035
9e-6,82,-3710.5478925668144
1e-6,83,-3669.4732735544853
1.5e-6,83,-3551.762942415216
2e-6,83,-3486.939597031765
2.4999999999999998e-6,83,-3451.096450605056
3e-6,83,-3433.5847829040385
3.5e-6,83,-3428.7242423671014
4e-6,83,-3433.1239187669826
4.5e-6,83,-3444.597227103028
4.9999999999999996e-6,83,-3461.650650984483
5.5e-6,83,-3483.2190799501163
6e-6,83,-3508.5156556957727
6.5e-6,83,-3536.943953856236
7e-6,83,-3568.0391482951927
7.499999999999999e-6,83,-3601.4333282055272
8e-6,83,-3636.830145767874
8.5e-6,83,-3673.9867489551207
9e-6,83,-3712.702085347476
1e-6,84,-3674.360161713134
1.5e-6,84,-3556.4805870225755
2e-6,84,-3491.487993610471
2.4999999999999998e-6,84,-3455.475594678157
3e-6,84,-3437.7946699941444
3.5e-6,84,-3432.764867996838
4e-6,84,-3436.995275487684
4.5e-6,84,-3448.2993130374343
4.9999999999999996e-6,84,-3465.1834616550304
5.5e-6,84,-3486.5826108796437
6e-6,84,-3511.7098973447132
6.5e-6,84,-3539.9689063871456
7e-6,84,-3570.8948047621084
7.499999999999999e-6,84,-3604.1196829269516
8e-6,84,-3639.3471970247356
8.5e-6,84,-3676.33449274257
9e-6,84,-3714.8805171877107
1e-6,85,-3679.306380290662
1.5e-6,85,-3561.2554077559416
2e-6,85,-3496.0914117869647
2.4999999999999998e-6,85,-3459.9076055844935
3e-6,85,-3442.055268917382
3.5e-6,85,-3436.854050223459
4e-6,85,-3440.9130333331314
4.5e-6,85,-3452.0456443880385
4.9999999999999996e-6,85,-3468.758361797607
5.5e-6,85,-3489.9860751004744
6e-6,85,-3514.9419158683845
6.5e-6,85,-3543.0292842834842
7e-6,85,-3573.783752174253
7.499999999999999e-6,85,-3606.837303683482
8e-6,85,-3641.8933971272363
8.5e-6,85,-3678.709227777386
9e-6,85,-3717.0837824409978
1e-6,86,-3684.3106680526075
1.5e-6,86,-3566.086257111229
2e-6,86,-3500.7488177955775
2.4999999999999998e-6,86,-3464.3915633065135
3e-6,86,-3446.3657734123644
3.5e-6,86,-3440.99109655171
4e-6,86,-3444.8766135824885
4.5e-6,86,-3455.8357562184283
4.9999999999999996e-6,86,-3472.3750002681963
5.5e-6,86,-3493.4288361840177
6e-6,86,-3518.2115877358015
6.5e-6,86,-3546.1254652549446
7e-6,86,-3576.7064373964013
7.499999999999999e-6,86,-3609.5864883028235
8e-6,86,-3644.4690778782074
8.5e-6,86,-3681.111399718822
9e-6,86,-3719.312440631139
1e-6,87,-3689.3718059773983
1.5e-6,87,-3570.9720250858327
2e-6,87,-3505.459210661849
2.4999999999999998e-6,87,-3468.926575906302
3e-6,87,-3450.7254005873683
3.5e-6,87,-3445.175333143547
4e-6,87,-3448.885451461268
4.5e-6,87,-3459.6691928251803
4.9999999999999996e-6,87,-3476.0330304440745
5.5e-6,87,-3496.9114501299637
6e-6,87,-3521.5187845108994
6.5e-6,87,-3549.257237407549
7e-6,87,-3579.6627798549453
7.499999999999999e-6,87,-3612.367395995019
8e-6,87,-3647.074547320203
8.5e-6,87,-3683.5414257506227
9e-6,87,-3721.567018092649
1e-6,88,-3694.488615330578
1.5e-6,88,-3575.9116374717405
2e-6,88,-3510.221620712689
2.4999999999999998e-6,88,-3473.5117782542657
3e-6,88,-3455.1333898645894
3.5e-6,88,-3449.4061039815415
4e-6,88,-3452.9389955202087
4.5e-6,88,-3463.545507336492
4.9999999999999996e-6,88,-3479.7321100392123
5.5e-6,88,-3500.433284799658
6e-6,88,-3524.8633731041277
6.5e-6,88,-3552.424572262927
7e-6,88,-3582.652747041658
7.499999999999999e-6,88,-3615.1802075287196
8e-6,88,-3649.7100908578927
8.5e-6,88,-3685.9996959221453
9e-6,88,-3723.848009527895
1e-6,89,-3699.659955849392
1.5e-6,89,-3580.9040542458893
2e-6,89,-3515.0351081731897
2.4999999999999998e-6,89,-3478.1463308314733
3e-6,89,-3459.589001988902
3.5e-6,89,-3453.6827700828717
4e-6,89,-3457.036707057157
4.5e-6,89,-3467.464261338823
4.9999999999999996e-6,89,-3483.4719009362493
5.5e-6,89,-3503.9941023807214
6e-6,89,-3528.245216016347
6.5e-6,89,-3555.627432642975
7e-6,89,-3585.6766181713497
7.499999999999999e-6,89,-3618.0250863932106
8e-6,89,-3652.375972326325
8.5e-6,89,-3688.4865744225194
9e-6,89,-3726.1558794879365
1e-6,90,-3704.884724030085
1.5e-6,90,-3585.9482680524607
2e-6,90,-3519.898761842523
2.4999999999999998e-6,90,-3482.8294186007147
3e-6,90,-3464.091518094456
3.5e-6,90,-3458.0044747495776
4e-6,90,-3461.1780595729583
4.5e-6,90,-3471.425024527946
4.9999999999999996e-6,90,-3487.2520690342
5.5e-6,90,-3507.5936649829414
6e-6,90,-3531.6639811358773
6.5e-6,90,-3558.8656036212365
7e-6,90,-3588.7342969223573
7.499999999999999e-6,90,-3620.9021796203683
8e-6,90,-3655.072435007851
8.5e-6,90,-3691.0024007923694
9e-6,90,-3728.491063779622
3.4139224844724393e-6,36.1384583584844,-3314.9147454967024
